,Roofline,Rank-1,Rank-2,Rank-3,Rank-4,Rank-5,Rank-6,Rank-7,Rank-8,Rank-9,Rank-10,Rank-11,Rank-12,Rank-13,Rank-14,Rank-15,Rank-16,Rank-17,Rank-18,Rank-19,Rank-20,Rank-21,Rank-22,Rank-23,Rank-24,Rank-25,Rank-26,Rank-27,Rank-28,Rank-29,Rank-30,Rank-31,Rank-32,Rank-33,Rank-34,Rank-35,Rank-36,Rank-37,Rank-38,Rank-39,Rank-40,Rank-41,Rank-42,Rank-43,Rank-44,Rank-45,Rank-46,Rank-47,Rank-48,Rank-49,Rank-50,Rank-51,Rank-52,Rank-53,Rank-54,Rank-55,Rank-56,Rank-57,Rank-58,Rank-59,Rank-60,Rank-61,Rank-62,Rank-63,Rank-64,Rank-65,Rank-66,Rank-67,Rank-68,Rank-69,Rank-70
Op.MASS.2D.P2.H200NVL,6.355006060606062e-05,0.00019101600050926208,0.00019013919830322267,0.0002566207885742188,0.00023709919452667239,0.0002628112077713013,0.0002464095950126648,0.00019656800031661988,0.00019214080572128295,0.00019912319779396057,0.00021889439821243286,0.00023224959373474121,0.0002725183963775635,0.0002077375888824463,0.00019691680073738097,0.0002600719928741455,0.00019970560073852538,0.00023952639102935792,0.0002071039915084839,0.0002773855924606323,0.0002911040067672729,0.00023952000141143798,0.00019026399850845336,0.0002628655910491943,0.0001932927966117859,0.00019818559885025026,0.00027644479274749757,0.00019357119798660277,0.00023606719970703125,0.00022134718894958498,0.0002013920068740845,0.0002507936000823975,0.00026634559631347654,0.00029746400117874145,0.00020836160182952882,0.00020278079509735108,0.0002612576007843018,0.00020954558849334718,0.00019866559505462647,0.00024252960681915282,0.0002816479921340943,0.0002565119981765747,0.0002616768002510071,0.0002703488111495972,0.0002878335952758789,0.0002706207990646362,0.0002566688060760498,0.0002721951961517334,0.00026347200870513915,0.0002919104099273682,0.00027371840476989745,0.0002369823932647705,0.0002317728042602539,0.0002446095943450928,0.0002679327964782715,0.00023650240898132323,0.0002394511938095093,0.00023420801162719727,0.0002463007926940918,0.0002395135998725891,0.00026991360187530517,0.0003092527985572815,0.00032119359970092775,0.0003695584058761597,0.0003958271980285645,0.00038001921176910404,0.0003128864049911499,0.00032652480602264405,0.0003730144023895264,0.0004036175966262818,0.00038656320571899417
Op.MASS.2D.P3.H200NVL,0.00021183353535353538,0.0004122192144393921,0.0005011360168457031,0.00042998080253601074,0.00046068801879882817,0.00048749442100524905,0.0005686111927032471,0.0004138591766357422,0.0004738687992095948,0.00040200958251953125,0.0005010256052017212,0.0004592496156692505,0.000535427188873291,0.0005906688213348389,0.0005295135974884034,0.000582476806640625,0.00045406877994537355,0.0005180096149444579,0.0004633152008056641,0.0004685823917388916,0.000509555196762085,0.0004353327989578247,0.0004036511898040772,0.0004662623882293701,0.0005537055969238281,0.0005441456079483032,0.0004630511999130249,0.0004818000078201294,0.0005416512012481689,0.0006346879959106445,0.0004978784084320068,0.00045403518676757817,0.00043887681961059575,0.00047982401847839357,0.0005217999935150147,0.0005371520042419433,0.0004212400197982788,0.00042979040145874026,0.00048491840362548826,0.00046065921783447266,0.000617247986793518,0.0004512832164764404,0.0005323503971099853,0.000524179220199585,0.0005892735958099365,0.0005546144008636474,0.000542848014831543,0.0005409744024276734,0.0005277024030685425,0.00043148319721221924,0.00042304320335388186,0.0004669663906097412,0.0005069199800491333,0.0005770368099212647,0.0004180271863937378,0.00048167359828948974,0.0005074463844299316,0.0004657087802886963,0.00046627361774444583,0.0004024719953536987,0.0005449503898620606,0.00045871520042419433,0.0005637311935424805,0.0004090496063232422,0.00047488319873809814,0.0004368256092071533,0.0005998319864273071,0.000459937596321106,0.0005243904113769531,0.0005957312107086181,0.0005372080087661744
Op.MASS.2D.P4.H200NVL,0.00042366707070707075,0.0008347856044769288,0.0008260448455810548,0.0006529248237609864,0.0008827615737915039,0.00073264319896698,0.0010750368118286134,0.001037660789489746,0.0011413151741027834,0.0007954655885696411,0.0008373104095458985,0.001156550407409668,0.0006907088041305543,0.0010060288429260254,0.0007176608085632325,0.0009962143898010255,0.0006867455959320068,0.0007893536090850831,0.0008670943737030029,0.0008413424015045166,0.0008713168144226075,0.001046241569519043,0.000764793586730957,0.0006570528030395509,0.0006804176092147828,0.0008980959892272949,0.0006878687858581543,0.000927510404586792,0.0010648096084594728,0.0008007552146911621,0.0010151328086853027,0.0007994112014770508,0.0009711584091186524,0.0009950048446655273,0.000954860782623291,0.0008750592231750488,0.0007883071899414063,0.0006913343906402588,0.0007358943939208985,0.0010730592250823975,0.0009249376296997071,0.0008958992004394531,0.000683462381362915,0.0008681392192840577,0.0007671823978424072,0.0008802576065063477,0.0008362112045288086,0.0006631807804107666,0.0008448848247528077,0.0007271584033966065,0.0011566399574279784,0.001050715208053589,0.0011739759922027588,0.0008261263847351074,0.0010856639862060547,0.0006813983917236329,0.0008094016075134278,0.0008797760009765626,0.0008627903938293457,0.0008530079841613769,0.0006857151985168457,0.001009065580368042,0.0007020448207855224,0.000779475212097168,0.0010159711837768556,0.0010286272048950196,0.0009394207954406738,0.0009096255779266358,0.0007790304183959961,0.0006546000003814698,0.000982763195037842
Op.MASS.2D.P5.H200NVL,0.0009267717171717173,0.0016818384170532229,0.0012063360214233398,0.0015572799682617186,0.0015469087600708006,0.001613822364807129,0.001654719924926758,0.0014898896217346192,0.0016341615676879885,0.0015813263893127442,0.0011821887969970704,0.0013685472011566162,0.001183347225189209,0.0016291007995605468,0.0012225215911865234,0.00187150239944458,0.0012505855560302735,0.0015691135883331298,0.001419814395904541,0.0018404640197753905,0.001320975971221924,0.001887164878845215,0.0016101856231689454,0.0016705647468566896,0.0014995871543884277,0.0012748607635498046,0.0013705920219421385,0.0015593055725097655,0.001231380796432495,0.001569975996017456,0.0012647840023040772,0.0018488479614257815,0.001930081558227539,0.0019523280143737792,0.0014999391555786132,0.0016431903839111328,0.001719923210144043,0.0017928592681884766,0.0013690384387969972,0.0012844223976135253,0.0016079679489135743,0.0018726623535156252,0.0015925408363342286,0.0015916704177856445,0.001730072021484375,0.0019589648246765134,0.0012342656135559084,0.0016567232131958008,0.001954441547393799,0.0013889120101928712,0.001831443214416504,0.00169411039352417,0.0012208255767822264,0.002006217670440674,0.001988559913635254,0.0016159215927124024,0.0014655584335327148,0.0016910287857055664,0.0012707647800445556,0.0015915936470031738,0.0020300767898559567,0.0017784223556518556,0.002110006332397461,0.0016119840621948243,0.0016388383865356447,0.0020702207565307614,0.0021435808181762693,0.001233030414581299,0.0015299279689788819,0.0016801167488098144,0.0016832063674926759
Op.MASS.2D.P6.H200NVL,0.0016311182222222222,0.00242959041595459,0.002789363193511963,0.001960793685913086,0.002492214393615723,0.002588572883605957,0.0026401727676391602,0.0024717376708984374,0.0018997023582458497,0.0025508800506591793,0.0026121280670166015,0.0025191280364990232,0.0019551631927490236,0.002684732818603516,0.0025610671997070315,0.0025188048362731934,0.0029983808517456056,0.001819067192077637,0.0027003103256225585,0.003274415969848633,0.0019285568237304687,0.0025280767440795902,0.0018875008583068846,0.003112748718261719,0.001954812812805176,0.0019341888427734375,0.0026333967208862306,0.0028197695732116697,0.0029574352264404302,0.0025745023727416993,0.00276243839263916,0.002775391960144043,0.0025241392135620117,0.0025337743759155274,0.0030765151977539063,0.0026656383514404294,0.002620035171508789,0.0025320976257324217,0.0030527744293212893,0.001971049690246582,0.002988916778564453,0.002929596710205078,0.0019477024078369141,0.0030199424743652344,0.0019663680076599122,0.0020580127716064455,0.0031163808822631837,0.002965401554107666,0.003183569622039795,0.003034249687194824,0.002550774383544922,0.003297235107421875,0.0033047359466552733,0.0025851360321044923,0.003222070503234863,0.002030950355529785,0.0019489791870117188,0.0019262720108032228,0.002082419204711914,0.0030678335189819337,0.002866982460021973,0.0032668960571289062,0.00335183048248291,0.003251865768432617,0.002594396781921387,0.0018945072174072265,0.0033304798126220707,0.0019459520339965822,0.0027494720458984376,0.0029100351333618164,0.0031638208389282224
Op.MASS.2D.P7.H200NVL,0.0026691025454545457,0.002823017802332666,0.004364956665039063,0.0038960527420043947,0.0037240161895751955,0.003944644737243652,0.004088063812255859,0.0028348719596862793,0.003907449531555175,0.004118649673461914,0.003918056106567383,0.004127795028686524,0.0028423808097839355,0.003919151878356933,0.00417046890258789,0.004051513671875,0.0030336095809936525,0.004114672088623047,0.004218227195739747,0.003078278350830078,0.004181644821166992,0.0028797648429870607,0.004639873504638672,0.003773321533203125,0.003689081764221191,0.0036648927688598633,0.0028195936203002933,0.00377770881652832,0.0044474784851074225,0.0038646097183227543,0.003930912017822266,0.002988211250305176,0.003997382354736328,0.005253454399108887,0.0030097951889038084,0.0039349632263183595,0.005840462493896485,0.004392147064208984,0.005255027198791505,0.005992700958251954,0.0029962560653686524,0.003775446319580078,0.0035249855041503907,0.0053402145385742185,0.002833641624450684,0.005415055847167969,0.00343559684753418,0.005248848152160646,0.0037985248565673827,0.003777510452270508,0.0031830255508422853,0.0038773729324340822,0.0031942048072814942,0.0029847536087036133,0.006005235290527344,0.00296083517074585,0.006607041549682617,0.003632391929626465,0.0035825664520263674,0.00533757438659668,0.005336777496337891,0.0032507232666015625,0.002890912055969238,0.003639860725402832,0.005303494262695312,0.0040833278656005854,0.0046186511993408196,0.004190630531311036,0.0029324944496154784,0.004208577537536621,0.003291888046264648
Op.MASS.2D.P8.H200NVL,0.004369066666666667,0.004678798484802247,0.006121535873413086,0.005998646545410156,0.00635590877532959,0.005913235092163086,0.0051255025863647455,0.0063382608413696286,0.004806028747558594,0.006667529678344726,0.005850982475280762,0.006328563308715821,0.006266398239135743,0.004693926420995516,0.006197542572021485,0.006380891227722168,0.006079068756103516,0.005729529571533203,0.004740540435637243,0.006148912048339844,0.005900972747802735,0.006165769577026367,0.006487873458862305,0.006649444961547852,0.0047455753707202715,0.004586798267079795,0.006331036758422851,0.005955011367797852,0.006530163192749024,0.004975520133972168,0.00459928150177002,0.006584324645996094,0.00650771713256836,0.006160406494140625,0.006268128013610839,0.0064233406066894535,0.004567715599052732,0.006216838455200195,0.00612592658996582,0.007254553222656251,0.006246316909790039,0.006368028831481933,0.006019913482666016,0.004626947596607165,0.0046029913186720105,0.006181660842895508,0.006902118682861328,0.007522652435302734,0.005923622512817383,0.006254598236083984,0.005933657455444336,0.009037254333496093,0.006544609451293946,0.006174745559692383,0.00831569595336914,0.006824649810791015,0.005941574478149415,0.0046752304077148435,0.006043132781982422,0.009334822082519532,0.008384928131103517,0.0046393308892008515,0.004563456702061709,0.00634588794708252,0.006589243316650391,0.004586300735283287,0.006429739379882813,0.007325516510009766,0.004748420135535546,0.007206813049316406,0.004578313105665737
Op.LAPLACE.2D.P2.H200NVL,6.35500606060606e-05,0.00023802399635314942,0.0001885215997695923,0.00019573600292205811,0.00021236159801483155,0.0002228399991989136,0.0001885983943939209,0.0003194272041320801,0.00022997599840164184,0.0003149440050125122,0.0002125328063964844,0.0002532639980316162,0.00018669919967651368,0.0003323391914367676,0.00025430560111999517,0.00020162239074707032,0.00025712639093399047,0.00018816959857940674,0.0002431312084197998,0.00021722559928894042,0.00019743360280990603,0.0003009151935577393,0.0002319839954376221,0.0002288912057876587,0.00018862719535827637,0.0001869503974914551,0.00025914720296859743,0.00021534080505371096,0.00032221119403839113,0.0002638543963432312,0.00020426878929138184,0.0002589328050613403,0.0003401151895523071,0.0002400480031967163,0.0003156512022018433,0.00034072320461273195,0.0003612384080886841,0.00024128000736236573,0.00031048638820648194,0.0003415872097015381,0.0003653183937072754,0.0002131343960762024,0.00022343358993530274,0.0002639583945274353,0.0002632607936859131,0.00021528639793395995,0.0002251039981842041,0.00026344479322433473,0.0002642112016677857,0.0002949696063995361,0.0003509952068328858,0.00038517439365386966,0.0004138223886489868,0.000293721604347229,0.00035293118953704834,0.0003898383975028992,0.00041723358631134033,0.0002417504072189331,0.00019489599466323854,0.0002897248029708862,0.00022810560464859008,0.00021071040630340576,0.0003102144002914429,0.00032674400806427,0.00026801759004592895,0.00024765759706497193,0.00019780640006065368,0.0002997663974761963,0.00023243839740753175,0.0003197119951248169,0.00021834559440612794
Op.LAPLACE.2D.P3.H200NVL,0.00021183353535353535,0.0004293344020843506,0.0004192800045013428,0.0004005919933319092,0.00038333439826965335,0.0004158783912658691,0.00042808961868286133,0.0004155072212219239,0.00047767841815948484,0.0004357600212097168,0.0003951520085334778,0.000414355206489563,0.00041362881660461426,0.00041153597831726074,0.00046045761108398436,0.0004858224153518677,0.0004556096076965332,0.0004061616182327271,0.00039100799560546875,0.00045459198951721194,0.0004918448209762573,0.0004716399908065796,0.00047851839065551763,0.0004228912115097046,0.0004562816143035889,0.0004554111957550049,0.0004897680044174194,0.0004648575782775879,0.0004428240060806274,0.00044188318252563475,0.00045418558120727536,0.00040349121093749996,0.00046544480323791506,0.0005120736122131347,0.0004256832122802735,0.0004438720226287842,0.0004942624092102051,0.0004359920024871826,0.00042067201137542727,0.0004627488136291504,0.0005636847972869874,0.0004999584197998047,0.000466483211517334,0.00055207200050354,0.00045488638877868654,0.00038274400234222415,0.0004443071842193603,0.0004202784061431885,0.0004049088001251221,0.00041655039787292483,0.0004160384178161621,0.0004879744052886963,0.00043411839008331303,0.00041939041614532475,0.0004372896194458008,0.00038691519498825074,0.000413703989982605,0.0005021408081054687,0.00042735359668731685,0.0004641983985900879,0.00046593918800354005,0.00046277921199798587,0.00038846080303192137,0.00045859518051147465,0.0004779920101165771,0.0004121856212615967,0.00040770878791809086,0.0004876976013183594,0.0004644927978515625,0.00045866560935974124,0.00046167359352111817
Op.LAPLACE.2D.P4.H200NVL,0.0006355006060606061,0.0007471583843231201,0.000764137601852417,0.0008232079982757568,0.0006897543198201983,0.0009701616287231445,0.0009653263568878173,0.0009974559783935547,0.0010195584297180175,0.0008776031970977783,0.0007716320037841797,0.0009752351760864258,0.000793073606491089,0.0009264511585235596,0.000905884838104248,0.0006669280052185059,0.0008579392433166504,0.0008219967842102051,0.000748358416557312,0.0007957504034042358,0.0009085151672363281,0.0009213664054870606,0.0009736239910125733,0.0008878272056579591,0.0008255728244781494,0.0009503520011901857,0.0008638272285461426,0.0009402912139892578,0.0008461600303649902,0.0006945695877075195,0.0007901423931121826,0.0006990463972091675,0.0007186751842498779,0.0008665008068084717,0.0008797840118408203,0.0009443008422851562,0.0008489439964294434,0.0008719696044921874,0.0008260319709777833,0.0009921792030334474,0.0009578432083129883,0.0008892960071563721,0.0008326272010803223,0.0009886176109313964,0.001006180763244629,0.0008594592094421388,0.000858566427230835,0.0009468271732330322,0.0007535615921020508,0.0006695215270774352,0.0008164480209350587,0.0007541183948516846,0.000771070408821106,0.0007379663944244385,0.0010054895877838134,0.0009284351825714111,0.0009866928100585937,0.0009821871757507324,0.00102990403175354,0.0009424480438232423,0.0007590111970901489,0.0008140159606933594,0.0009116319656372071,0.0006726208209991455,0.0008272831916809083,0.0008976128101348877,0.0007230144023895264,0.0007997632026672363,0.000918131160736084,0.0009535679817199707,0.0007147359848022461
Op.LAPLACE.2D.P5.H200NVL,0.001186267797979798,0.0012661791801452638,0.0012236767768859865,0.001752135944366455,0.0013640159606933594,0.0012866191864013671,0.0012975423812866213,0.0012850784301757811,0.001329849624633789,0.00127964858621436,0.001328332805633545,0.0013656800270080568,0.0012427805635618374,0.0013459440231323241,0.0012285951614379883,0.001368614387512207,0.0014299808025360107,0.0012597644076564741,0.0014809375762939454,0.0015726719856262207,0.0014257920265197755,0.0012728352646085423,0.0015463871955871582,0.0015250463962554932,0.0015507007598876954,0.0012661525413128296,0.0016022239685058596,0.0013412384033203125,0.0014537247657775878,0.0015088624000549316,0.001287835820112175,0.0012824914223237378,0.0014909135818481447,0.0014646464347839356,0.0012528902672751397,0.0016147103309631348,0.0013582207679748537,0.0013753888130187987,0.0014569664001464844,0.001374847984313965,0.0014567872047424317,0.0017571552276611328,0.0016567968368530273,0.0014031583786010742,0.0017059680938720703,0.001540559959411621,0.0017098976135253908,0.001305251216888428,0.001298089599609375,0.0017043807983398438,0.00165296630859375,0.0017920032501220703,0.001655913543701172,0.0012541319100512693,0.0014791279792785645,0.0016465887069702148,0.00128471999168396,0.001415123176574707,0.001737174415588379,0.0018377344131469727,0.0019827392578125,0.0013003599643707274,0.0017469264030456544,0.0015565968036651613,0.0016316224098205567,0.0014310784339904787,0.0012626815795898439,0.0012385647773742675,0.001755824089050293,0.0013486688137054443,0.0012965151786804199
Op.LAPLACE.2D.P6.H200NVL,0.0024713912457912457,0.0026422183166616713,0.0025555295944213866,0.0025746651927495917,0.003053052711486816,0.002673574447631836,0.0025764232259614895,0.00260854411460223,0.0026124135866900234,0.002608224247351992,0.0026416259230080323,0.0028442095756530763,0.002670608317167307,0.0026045912574588327,0.003153164863586426,0.002626306082274519,0.002650542258403726,0.0030447296142578125,0.0026307252946634976,0.0026112319946289065,0.0025862748323949077,0.002549145603179932,0.002737779235839844,0.002581460216013676,0.002645146111799376,0.0026211612733015523,0.0026492207853810786,0.0026186316638213154,0.002566441535949707,0.002752191925048828,0.002595014381408691,0.002647399784315469,0.002795249652862549,0.0031087135314941407,0.0029903311729431153,0.0026413212844902316,0.0025861896868336455,0.0030687456130981446,0.0030490976333618167,0.0026600233324280066,0.002615429525506656,0.00267651793785339,0.0025924434050203604,0.002597407230848749,0.0028854463577270505,0.002926425552368164,0.0026586255404365223,0.0026968959808349614,0.002566697692871094,0.003308963012695313,0.0027434911727905274,0.002587683368603021,0.002679471728319018,0.0028271663665771487,0.003112729644775391,0.002803003215789795,0.002647603325972365,0.0026688568158813836,0.0033154590606689453,0.003095635223388672,0.0028288271903991703,0.0027041343688964845,0.0028380640029907226,0.0031819695472717286,0.002731852722167969,0.0025560336112976072,0.0026347073353083545,0.002596400202107147,0.0031128095626831056,0.0026596243267377755,0.002613910484313965
Op.LAPLACE.2D.P7.H200NVL,0.004194304,0.004480222510460153,0.004602791976928711,0.004520013838767061,0.004541107853556731,0.004705177688598633,0.004446824509662723,0.004500578032446026,0.004429605554605989,0.004519818539023089,0.004453657531738282,0.004379630131894475,0.004487785387911862,0.00453821044436622,0.004759046363830567,0.0044376452690266825,0.004382368148600248,0.004473375121394092,0.004377348885493069,0.00446204531421476,0.004828860855102539,0.004476267945097829,0.004439316359821172,0.004369959503064381,0.004378381001819802,0.0044696248185943635,0.004413620539351657,0.004462514947230216,0.004456466865078265,0.004449740982055664,0.004408414391661371,0.004478289182409038,0.0044179431872971445,0.0048340576171875,0.004875494384765626,0.004422292107114574,0.004770032119750977,0.005038651275634765,0.004381469935019972,0.004499148941040039,0.004536357585962675,0.004418961321514792,0.004382318811786423,0.004374913339147331,0.004556112887583415,0.004996028900146485,0.004394032075720974,0.005189761734008789,0.004372492689576571,0.004833200073242188,0.005313087844848633,0.004790838241577148,0.004859231948852539,0.004713081550598144,0.005552428817749023,0.004773481750488281,0.004376870228789835,0.0055856159210205085,0.005539468765258789,0.005060235214233398,0.004529727805103984,0.004772278213500977,0.004722758483886719,0.004374055128219298,0.005166099166870117,0.004389195598934611,0.004401643629601901,0.00435288314819336,0.004465828531950747,0.004676833724975586,0.004513426173155108
Op.LAPLACE.2D.P8.H200NVL,0.006672756363636364,0.011264963531494141,0.0073004096984863286,0.008652806091308595,0.010660707092285155,0.007008644066556023,0.007894300842285156,0.008554370880126953,0.007976118469238281,0.010147122955322265,0.0076425949096679685,0.006973005571365851,0.008143875122070312,0.007379216003417969,0.008215135955810547,0.009090966033935548,0.007170032452262776,0.008135846710205077,0.007339609527587891,0.007086935466241461,0.007116011942280345,0.00730578842163086,0.007185852813720703,0.007227878570556641,0.006970823968252587,0.0072402435511076625,0.0070292796873380374,0.010068380737304688,0.007064295433395095,0.00805199966430664,0.01058760986328125,0.008300240325927735,0.0072440621140929485,0.007033068991671493,0.007247956596930974,0.007406307220458984,0.00848880615234375,0.007021603381300146,0.010757990264892579,0.00752674560546875,0.007004921722412109,0.008546809387207031,0.007094825029011535,0.007760886383056641,0.00723156509399414,0.008224230194091797,0.00697138127493821,0.006960214233398437,0.007232216789071196,0.00689764175415039,0.00699705083970181,0.007232026312726498,0.007146020132630832,0.008760246276855468,0.00823187484741211,0.007553955078125,0.007241379547119141,0.0071197943739166715,0.006960630767315925,0.0070799281752221225,0.007172272250120457,0.007241228485107423,0.008705728149414062,0.007756665802001953,0.007177576657682469,0.006983342381833356,0.0071824613328275565,0.007213929574557982,0.007163197346839144,0.008606655883789064,0.00707275666426841
Op.HELMHOLTZ.2D.P2.H200NVL,0.00019065018181818182,0.00021942400932312012,0.00021077120304107666,0.0003723871946334839,0.0002893824100494385,0.00040744798183441164,0.0002901887893676758,0.0002270591974258423,0.00021735360622406006,0.0002272655963897705,0.00024822399616241455,0.00032882559299468996,0.00042721760272979736,0.00024315359592437747,0.0002446176052093506,0.0003461008071899414,0.00023163199424743652,0.00033591039180755615,0.00025956799983978273,0.0004009584188461304,0.00047493758201599127,0.00029737759828567505,0.00021452159881591798,0.0003580367922782898,0.00022778239250183105,0.00022835359573364258,0.0004343727827072144,0.00022271358966827393,0.00033259520530700684,0.0002484544038772583,0.0002320863962173462,0.0002981375932693481,0.00041414399147033694,0.000506932806968689,0.000246614408493042,0.0002302112102508545,0.00035470080375671386,0.00026164960861206057,0.00024062399864196776,0.00034184319972991944,0.0004014016151428223,0.00039698879718780516,0.0004073311805725098,0.00044235200881958007,0.0005273967981338501,0.00041881918907165527,0.00039934720993041993,0.0004454751968383789,0.0004092111825942993,0.0005344112157821656,0.0004246544122695923,0.00028845438957214353,0.0003182464003562927,0.000291156804561615,0.0003438591957092285,0.0003072128057479858,0.0002930975914001465,0.0003234944105148315,0.0002939136028289795,0.00031197760105133057,0.000349782395362854,0.00047050881385803225,0.0005143775939941407,0.0005115120172500611,0.0005852255821228027,0.0005335920095443726,0.00047648959159851076,0.0005180287837982178,0.000516478419303894,0.0005898607969284059,0.0005407104015350342
Op.HELMHOLTZ.2D.P3.H200NVL,0.0006355006060606061,0.000667270396563903,0.0006743291257731287,0.0006822066212745279,0.0006785796562278699,0.0007793951988220215,0.0007043503999710083,0.0006670347829234121,0.0007585792064666748,0.0006724445349880984,0.0006631104664564396,0.000671236801147461,0.0007354575872421265,0.0007317071914672852,0.0006798425356520663,0.0008305327892303467,0.0006745542906958735,0.0007356063842773438,0.0007954048156738281,0.0007571135997772217,0.0007285184144973755,0.0006733731538575041,0.000666190923817736,0.0007014976024627686,0.0008168031692504883,0.0006768991947174072,0.0008613056182861328,0.0007662047863006592,0.0008066688060760498,0.0009093071937561035,0.0007349855899810791,0.0006864199656707457,0.0006787647933392197,0.0007073472023010254,0.0007785888195037843,0.0008906656265258789,0.0007459263801574708,0.0007540895938873291,0.0006770496129989625,0.0008552032470703125,0.0009427840232849121,0.0008202463626861573,0.000902131175994873,0.0008826608180999756,0.0008673759937286377,0.0008938848018646241,0.0007920288085937501,0.0007449952125549316,0.0009306271553039552,0.0006644727068327265,0.0006894705131198069,0.0006669063944566297,0.0006785075626416587,0.0007111535787582398,0.0006667077564435845,0.0007356591939926148,0.0006904626912465205,0.0007011871814727784,0.0006636832237243653,0.0006799693458444022,0.0007411551952362061,0.0006884080695400909,0.0008204015731811523,0.0006717022805339197,0.0007540256023406983,0.0006826337613605625,0.0007374815940856934,0.0007355792045593262,0.0007540800094604492,0.0008297423839569092,0.000670356798171997
Op.HELMHOLTZ.2D.P4.H200NVL,0.0012710012121212122,0.0013270670657699467,0.001373947403247439,0.0013314613657715814,0.0013779604805268253,0.0013590240874113027,0.001430019235610962,0.0018192031860351564,0.0014949312210083008,0.001444764804840088,0.001496732807159424,0.001978780746459961,0.001356181678067447,0.0013527708217328975,0.0013252593262668012,0.0015132927894592285,0.0013364503286840983,0.0014870976448059083,0.0015982048034667968,0.0013632169869404254,0.0013655029296479211,0.002191958427429199,0.0014822944164276123,0.0013315538802613081,0.0013305398265344493,0.0013515132050811827,0.0013611475226852105,0.001405843210220337,0.001631455993652344,0.001492633628845215,0.0014564991950988771,0.001556556797027588,0.0014494720458984377,0.002189819240570068,0.0014725264072418215,0.001324240039754323,0.0015762911796569825,0.0013276832103729249,0.0013628026779702515,0.0023310367584228517,0.0013706347119206935,0.002014646339416504,0.0013306071918809646,0.0016194080352783203,0.0015751391887664796,0.0013343936985513245,0.0013425375519775142,0.0013262576893189853,0.0013280702735328606,0.0013379946861602268,0.0014930720329284668,0.0017487759590148926,0.001917932891845703,0.0015365871906280518,0.0014120256423950195,0.0013423935890197753,0.0015855567932128905,0.0013316888618502961,0.0014934240341186525,0.0013668357092578853,0.0013730906943539116,0.0014534175872802735,0.0013424143335709088,0.001380297565460205,0.0013398921114382207,0.0014586943626403808,0.0014071104049682617,0.0013715611735644485,0.0017240432739257813,0.0013581651393086637,0.0014254528045654297
Op.HELMHOLTZ.2D.P5.H200NVL,0.0027803151515151513,0.002950074126475877,0.002947955234782994,0.0036344335556030274,0.0029967875263472617,0.0029545104588159727,0.002954835447857931,0.003293814468383789,0.0030104410125653324,0.002898342293504018,0.0029488232248129926,0.003021239826796874,0.0029238591879064083,0.0028987867436867697,0.0029465138512603383,0.0029806529896931676,0.0029976433707333064,0.0029362256029016862,0.002996661217981824,0.0029480362580393818,0.003091436767578125,0.002944969681412265,0.0029007032601733387,0.0031200607299804685,0.003012616142712438,0.002957785496581582,0.0029273750602029094,0.002998973068097762,0.0029719377657417565,0.0030138400788632656,0.0029296226844838496,0.00301059327730597,0.0029710453651714853,0.0034031278610229493,0.0029115049279435042,0.002961272554912395,0.002906744353704406,0.0028728160858154297,0.002924687418689941,0.0032902881622314454,0.002906415940834027,0.003005433803383929,0.0030124467154494174,0.0030128693467057145,0.0031281999588012696,0.002912074368158501,0.0033595537185668947,0.0029410033417273463,0.0029582136361715737,0.0031736127853393553,0.0031344319343566893,0.003629395294189453,0.0030007446416543196,0.0029360759244297582,0.0029808657242064167,0.00306694393157959,0.0037972095489501954,0.003020147228240967,0.0029532095909118655,0.0029314761488696923,0.0034768798828124997,0.0032699775695800783,0.0033480895996093754,0.0029627803080352856,0.0030882144927978517,0.0029813488006591796,0.003568979263305664,0.002956842195277782,0.0029217677780582927,0.003009944350772499,0.0031318655967712402
Op.HELMHOLTZ.2D.P6.H200NVL,0.004893354666666667,0.005877529525756836,0.005273640024106721,0.005138321740249076,0.0052081684420979815,0.007690207672119141,0.005099646519604699,0.008687014770507812,0.005276891072604038,0.005105110752168447,0.005139880386898656,0.005123782348632813,0.005209850922803272,0.005988768005371094,0.005137157145048938,0.005183012743834576,0.005171559525556071,0.005115641407282991,0.005303812374973253,0.005132533132378478,0.005232009055665067,0.005606828880310059,0.005244630444238116,0.005098513385566984,0.0057182544708251955,0.005144143925678805,0.006039039993286133,0.006715062713623047,0.005316255950927735,0.005208902668973788,0.005970095825195313,0.005222892349918323,0.005123388904644282,0.005057625579833984,0.005298862893984399,0.005159933605061349,0.005142421771674258,0.0051402519948501695,0.005245363291794937,0.005140804368516283,0.005267260997958445,0.0052363776269856626,0.005224047730585572,0.005196539491548432,0.005838166236877442,0.005292948189977264,0.005738699150085449,0.00522639122830553,0.0053187942329504375,0.005352604675292969,0.006502647781372071,0.005152118645525328,0.0051288991740862785,0.0052869280381279095,0.005160942132090941,0.0051355248416798255,0.005101106763823975,0.005150113487243653,0.005349609756469727,0.00513063836669238,0.005222562779190158,0.005906918334960937,0.005101561915741389,0.005102775767298247,0.005204882060578233,0.005843643188476562,0.0051378816604614255,0.005150152272343034,0.00543713607788086,0.005115609981414157,0.00521098569929889
Op.HELMHOLTZ.2D.P7.H200NVL,0.008007307636363637,0.0084459680527529,0.008593772724136292,0.008422484839274793,0.008492866996769832,0.008668226948743104,0.00855796824560112,0.0086757795709354,0.008527060282998575,0.00854439475346191,0.00854614646345289,0.008487244201425386,0.008657413354314475,0.008364027064112399,0.008452215187937212,0.008402641373241511,0.008376965978141816,0.008488316764170167,0.008688402557205962,0.008442435195817341,0.008493464776478245,0.008401874016747501,0.008506770601651241,0.00840635950765151,0.00834198462492972,0.008572930815829473,0.008639355473701218,0.008557860547623735,0.008427662594677298,0.008540498132044144,0.00848649589248691,0.00865566602221899,0.008437227042876956,0.00859888240314137,0.008632055200241222,0.008388849279782102,0.008601993560791017,0.008495127480098667,0.008524034998597736,0.008376257044088445,0.008671167940479833,0.008447897794074814,0.008581226118168101,0.008637719594546534,0.008455518201814468,0.008568429418762784,0.008580522276926586,0.008360565693871582,0.008628825232962963,0.010091664123535158,0.008514001887799109,0.008694517726529703,0.008642209980926185,0.008780441284179688,0.008381659809329804,0.008414839120197156,0.008497860036999058,0.008620221451005099,0.008497531022735252,0.00869900122884793,0.008441898733861935,0.008440561424510145,0.008465800124696662,0.00847824401597397,0.008675788813372401,0.008611339369001964,0.008491536468137805,0.008556941641578227,0.008343718618553828,0.008367531417791941,0.008646450526102314
Op.HELMHOLTZ.2D.P8.H200NVL,0.0131072,0.014640643310546875,0.013890654828058627,0.013828368730312509,0.01457947235107422,0.014162876196859134,0.02324773406982422,0.014055920883299225,0.017252770996093753,0.013816880380300359,0.013709824612281126,0.021032009887695314,0.014038369153089184,0.014100468767655194,0.013755472298744133,0.013893586628525967,0.013957735004505024,0.022058435058593753,0.014090036385991671,0.01384986572265625,0.014202091282610988,0.014235882601414701,0.013896540050338649,0.014129552062671068,0.013667266554401373,0.02020259552001953,0.014180691243848324,0.013972316195694147,0.014006615306328409,0.014104494094295572,0.01379777550429732,0.013859080177888703,0.014092521667480469,0.013811150073679243,0.014195846182347567,0.017347314453125002,0.014031756105355564,0.013932071667531404,0.01435061798095703,0.013987446129980418,0.014221841021407331,0.014127774947113063,0.013684680004002445,0.021227273559570315,0.014146962271194621,0.013738021174556359,0.013755272997213693,0.01830347137451172,0.014008630877924201,0.013963566831513287,0.01375419640434973,0.013837436782656665,0.015546386718750001,0.013746728759493586,0.013792640969222131,0.013831254277946299,0.01370302157094243,0.013754886154654197,0.014136896060751322,0.02215887603759766,0.019539337158203125,0.014077900695800782,0.013798084277982462,0.014193464855943782,0.017466204833984374,0.013987962558925326,0.014005362863206706,0.013661692810058593,0.014122818120823936,0.013688750060329385,0.014188489655629462
Op.ELASTICITY.2D.P2.H200NVL,9.572276906666668e-05,0.0004990848064422607,0.00046621122360229495,0.0004343008041381836,0.0004454751968383789,0.00043633599281311036,0.00046062400341033937,0.0005313087940216065,0.00046632962226867677,0.0005626512050628662,0.00043334078788757327,0.00048323841094970703,0.00046042561531066894,0.0006077983856201172,0.0005068575859069824,0.00046106557846069333,0.0005294496059417725,0.0004663616180419922,0.0004962159872055054,0.0004476255893707275,0.0004326575994491577,0.0005326303958892823,0.00046546239852905273,0.00043719677925109865,0.00046075360774993897,0.00046047840118408205,0.0004855008125305176,0.0004308576107025147,0.0005577903985977173,0.0005335376024246216,0.00046148481369018556,0.0005278671979904175,0.0006016096115112305,0.0005139167785644531,0.0005514991998672486,0.0005729119777679444,0.000637398386001587,0.0005103087902069091,0.0005505167961120606,0.0005726463794708252,0.000643937611579895,0.0004477168083190918,0.00044808001518249513,0.0004622623920440674,0.0004973104000091553,0.00045016322135925293,0.00045038080215454104,0.00046299519538879397,0.0005008128166198731,0.0005570736169815063,0.0005882239818572999,0.0006049376010894775,0.0006486783981323242,0.0005637408018112183,0.0005931583881378174,0.0006041887998580932,0.000654911994934082,0.0004984511852264404,0.00043196318149566653,0.0005380719900131226,0.00046519999504089356,0.00042978878021240235,0.0005507280111312865,0.0006137631893157959,0.0005212784051895141,0.0005049056053161621,0.00043749117851257324,0.000542086410522461,0.0004656383991241455,0.0005569743871688843,0.0004313872098922729
Op.ELASTICITY.2D.P3.H200NVL,0.00021183353535353535,0.0008915583610534667,0.000983455991744995,0.0008356544017791748,0.0008819327831268311,0.0009545951843261719,0.0008661856174468994,0.0009271536350250244,0.0009657040119171143,0.0009903903961181642,0.0008570112228393556,0.0008595040321350098,0.0009093631744384766,0.0009189248085021973,0.00095665283203125,0.0010286960124969483,0.0008835728168487549,0.0008976367950439453,0.0008496223926544189,0.0008458879947662353,0.0009424799919128419,0.0009929823875427246,0.0010033999919891357,0.0009388319969177246,0.0009296688079833985,0.0009961983680725098,0.0009346783638000489,0.0010427023887634277,0.0009789440155029297,0.0009726112365722656,0.0008916607856750488,0.0008837584018707276,0.0009897600173950196,0.0010301376342773437,0.0009337887763977051,0.0009643375873565675,0.0010761247634887697,0.0009004063606262207,0.0008949392318725587,0.0009951999664306642,0.0009716959953308106,0.0009381312370300293,0.001029652786254883,0.001014812755584717,0.0008929887771606446,0.0008823679924011231,0.0009032959938049316,0.00098372802734375,0.0008392928123474122,0.0009452559947967529,0.0009227807998657227,0.0009432512283325195,0.0008625423908233643,0.0008566399574279786,0.0009720735549926758,0.000856112003326416,0.0008900223731994628,0.0009413824081420898,0.0009388447761535645,0.0009746463775634766,0.0009283487796783447,0.0008869215965270996,0.0008461055755615235,0.000840390396118164,0.0010057695865631103,0.0009144656181335449,0.0008862175941467286,0.0009959424018859864,0.0009249664306640625,0.0010201856136322022,0.0009190752029418945
Op.ELASTICITY.2D.P4.H200NVL,0.0006355006060606061,0.0014789904117584228,0.001364735984802246,0.002057619285583496,0.0016148591995239258,0.001749051284790039,0.002243379211425781,0.0022059103965759276,0.0017706911087036132,0.002158880043029785,0.00178930082321167,0.0021569120407104493,0.0017390224456787107,0.0021708831787109377,0.0017685087203979492,0.0014682656288146972,0.002011664009094238,0.001598095989227295,0.0016821311950683594,0.0016813039779663085,0.0016213375091552735,0.0017154176712036134,0.001744838333129883,0.002065888023376465,0.0016802415847778321,0.001672020721435547,0.002014697551727295,0.0023103760719299315,0.0024320367813110352,0.0015616703987121584,0.002093704032897949,0.001932256031036377,0.001532265567779541,0.002115359973907471,0.0016933135986328125,0.0024428159713745117,0.001726588821411133,0.001731825542449951,0.002049190330505371,0.00215596809387207,0.002083268737792969,0.0025088191986083986,0.0017117696762084962,0.0018691824913024903,0.0025391263961791993,0.002127614402770996,0.0024656000137329103,0.0022446847915649415,0.0019699552536010744,0.001672771167755127,0.0020278304100036625,0.0014869791984558106,0.0013688544273376465,0.0016998239517211915,0.0021593471527099613,0.002131782341003418,0.0021154128074645996,0.0017322879791259766,0.00183756160736084,0.002192739200592041,0.0016889215469360352,0.001589628791809082,0.0017419040679931641,0.00140098876953125,0.0018871456146240236,0.002070672035217285,0.0015936127662658692,0.0016280688285827637,0.001615278434753418,0.002390953540802002,0.0014902720451354982
Op.ELASTICITY.2D.P5.H200NVL,0.001186267797979798,0.002204592037200928,0.0023588512420654297,0.0034153966903686522,0.0024036639213562013,0.002653883171081543,0.003048995208740235,0.0030107647895812988,0.0027463359832763674,0.002399187183380127,0.0029065216064453124,0.002848643207550049,0.0024580511093139647,0.0024622463226318357,0.0024322272300720217,0.002837407970428467,0.002426511955261231,0.0023351232528686524,0.002814700794219971,0.003125580787658691,0.00291049919128418,0.002937494468688965,0.003485084915161133,0.002603286361694336,0.002979918384552002,0.0020709487915039062,0.003032614326477051,0.0031611328125,0.0031337471961975097,0.003336539268493652,0.002768911933898926,0.002990225601196289,0.0034665374755859374,0.0033107200622558594,0.0026195552825927734,0.0035600734710693363,0.003106656074523926,0.0032189504623413084,0.0033852191925048828,0.0034298288345336915,0.0031859599113464357,0.0038508848190307618,0.0033557167053222658,0.0033531936645507816,0.0032809631347656253,0.0033222015380859372,0.003710396957397461,0.002666428852081299,0.0027217344284057618,0.0033514528274536134,0.003674550437927246,0.00346146240234375,0.0034654399871826176,0.0028444512367248537,0.0032548927307128905,0.0036427471160888673,0.002770540809631348,0.002931958389282227,0.003710784149169922,0.00396624641418457,0.0034015377044677737,0.0025424976348876953,0.0033616783142089842,0.0029360063552856443,0.003097747230529785,0.0022711551666259764,0.0021912976264953617,0.0022379711151123047,0.0033586801528930664,0.0026737696647644044,0.0029717280387878417
Op.ELASTICITY.2D.P6.H200NVL,0.002471391245791246,0.005231745719909668,0.0048473567962646485,0.004694638442993164,0.00461962890625,0.004890771102905274,0.0052733726501464845,0.005157163238525391,0.005347404861450196,0.004539244842529297,0.005650412750244141,0.00493045768737793,0.0052367456436157225,0.005747368049621582,0.005029737663269043,0.00576488971710205,0.0061449665069580085,0.006160406494140625,0.005850254440307618,0.005332905578613281,0.004828819274902344,0.005359600067138672,0.004944147109985352,0.004659478378295898,0.0047431262969970705,0.004580171203613281,0.005342502212524414,0.0052266368865966795,0.005418799972534179,0.004995788955688477,0.005749881553649902,0.00530428466796875,0.0058213550567626955,0.0058296848297119145,0.0050907455444335935,0.00627986068725586,0.0059045375823974615,0.006292657661437989,0.00539510726928711,0.004277228927612305,0.004059030532836914,0.0047940673828125,0.005022790336608887,0.004861532974243164,0.00457612476348877,0.0047491744995117186,0.004767430496215821,0.005097662353515625,0.00528048324584961,0.004382463836669922,0.0046691488265991204,0.005134288024902343,0.0049195617675781254,0.004833119964599609,0.005539968109130859,0.0047589935302734376,0.005402412796020508,0.004899945449829102,0.0050478767395019525,0.005443363189697265,0.004357648086547852,0.004108748626708985,0.004754777526855469,0.004868492889404297,0.0045797536849975585,0.004638603210449219,0.0049320766448974615,0.005356857681274415,0.004831919860839844,0.004448121643066406,0.005196537590026855
Op.ELASTICITY.2D.P7.H200NVL,0.004194304,0.007112572479248047,0.010817692565917969,0.009319878387451172,0.008839366149902344,0.00895031967163086,0.007326889801025391,0.007490473937988282,0.007784982299804687,0.006524795150756836,0.007571949005126953,0.007375929260253907,0.008265760040283203,0.006569009780883789,0.007326445007324219,0.007823766326904296,0.0070433212280273435,0.006303615951538086,0.006424776077270508,0.006762944030761719,0.006700396728515625,0.006770451354980469,0.007570829010009766,0.0071154815673828125,0.008717244720458985,0.007902550506591798,0.006760499572753906,0.00783900146484375,0.007873411560058594,0.008469522857666016,0.007775759887695313,0.006965859222412109,0.007139004516601563,0.0070729698181152345,0.00786743392944336,0.007516336059570312,0.006572467041015625,0.006532198333740235,0.007056745910644532,0.007745855712890625,0.00684343032836914,0.007321414184570313,0.007579116821289062,0.007057469177246094,0.008542620849609375,0.007584297943115235,0.006877645111083984,0.008133923339843752,0.007488829040527344,0.007590150451660156,0.00719268798828125,0.008024521636962892,0.00731539535522461,0.007488678741455078,0.00775934066772461,0.009004166412353517,0.0077737762451171874,0.008127922821044922,0.008022354888916016,0.009257052612304688,0.00780393295288086,0.00785164794921875,0.01060621795654297,0.011029923248291017,0.012008924865722657,0.010373996734619141,0.010115238189697265,0.012902896118164062,0.010478508758544922,0.009299791717529298,0.00835986557006836
Op.ELASTICITY.2D.P8.H200NVL,0.006672756363636364,0.016328233337402347,0.018337603759765626,0.016091961669921877,0.012738179016113281,0.020973190307617188,0.017357948303222657,0.01723020782470703,0.012629753875732423,0.015411946105957032,0.013416726684570312,0.015839610290527342,0.0173747802734375,0.021445785522460938,0.015535542297363283,0.016522434997558594,0.017069900512695312,0.018295497131347656,0.014825698852539064,0.01542969207763672,0.040134170532226565,0.03959086608886719,0.014805503845214844,0.038110675048828126,0.01861243133544922,0.015932147216796876,0.015140722656250001,0.01620879364013672,0.011653359985351563,0.014192681884765626,0.01608550720214844,0.012063526153564453,0.03825206298828125,0.02063872375488281,0.0217457763671875,0.016604444885253904,0.014010966491699217,0.014867277526855469,0.013556480407714844,0.012377155303955079,0.04298267211914063,0.012205443572998046,0.011523878479003907,0.015014668273925781,0.04419709167480469,0.013795765686035157,0.042431512451171875,0.011313270568847657,0.015488156127929689,0.012987802124023437,0.04241442260742188,0.011468534088134766,0.014657693481445312,0.019556723022460937,0.012162992095947265,0.03805286254882812,0.014660940551757814,0.011649910736083985,0.011718112182617186,0.011830368041992188,0.042840475463867184,0.019039952087402345,0.013929440307617188,0.013356524658203124,0.012075148773193359,0.01413107147216797,0.01200311050415039,0.014777194213867187,0.010917298889160156,0.02094720001220703,0.01688889923095703
Op.HYPERELASTICITY.2D.P2.H200NVL,0.00018699605333333334,0.0005666368007659912,0.0006322336196899415,0.0007823855876922608,0.0006085728168487549,0.0009426912307739259,0.0007427775859832764,0.000719811201095581,0.0007037407875061035,0.000698144006729126,0.0007109792232513428,0.0007088320016860962,0.0009169072151184081,0.0006576799869537353,0.0007702368021011353,0.0007261168003082275,0.0007281008005142212,0.0007256335973739624,0.0006589104175567627,0.000915838384628296,0.0009552191734313965,0.0005971440076828003,0.000620359992980957,0.0007811359882354736,0.0005513055801391602,0.0006904128074645997,0.0009076800346374512,0.0006680079936981201,0.0007047375917434692,0.0007098944187164306,0.0006593376159667968,0.0007177007913589478,0.000929531192779541,0.0009551456451416016,0.000649564790725708,0.0006880800008773804,0.0007273120164871216,0.0006598975896835327,0.0007328447818756103,0.0007279151916503906,0.0009449791908264161,0.0008196784019470215,0.0009453439712524415,0.0009531999588012696,0.00105513916015625,0.0008560256004333497,0.0008259599685668946,0.0009608639717102051,0.0009557184219360352,0.0010711103916168211,0.0008633584022521973,0.0005922815799713134,0.0007389871835708618,0.0007582880020141602,0.0007955423831939697,0.0006966192007064819,0.00059683837890625,0.0007490927934646607,0.0007632768154144287,0.0007024543762207032,0.0008027071952819825,0.0009535615921020509,0.0010919247627258302,0.0011508064270019532,0.001180016040802002,0.0011480607986450197,0.0009651936054229737,0.0011057791709899903,0.0011648896217346192,0.001185763168334961,0.0011618464469909668
Op.HYPERELASTICITY.2D.P3.H200NVL,0.00066387968,0.001898124885559082,0.0036087776184082036,0.0016581407546997072,0.0019695199966430666,0.002109326362609863,0.0020228528022766114,0.0023048480033874513,0.0022734208106994632,0.002229327964782715,0.003766806411743164,0.0038096801757812504,0.002243033599853516,0.0025799264907836916,0.003856753730773926,0.002510331153869629,0.0025550960540771483,0.002302689647674561,0.0021140160560607912,0.0021503904342651367,0.0024926143646240234,0.002370457649230957,0.004343139266967774,0.003616916847229004,0.003568044662475586,0.002381417560577393,0.0023714399337768557,0.0026141792297363284,0.0025586544036865235,0.0025824863433837894,0.002739401626586914,0.003618014335632324,0.003616422462463379,0.00244040641784668,0.004191731262207031,0.0026477072715759276,0.0026762448310852054,0.0023866448402404786,0.002567868804931641,0.005435145568847656,0.00250261116027832,0.0026530960083007813,0.002723833656311035,0.002823316764831543,0.004185851287841796,0.0026450736045837402,0.005619852638244629,0.0028048255920410155,0.0028985311508178714,0.003670611190795899,0.0018946720123291017,0.0016391679763793946,0.0019337151527404786,0.0019713407516479494,0.004068857574462891,0.002286803150177002,0.002126760005950928,0.002237292861938477,0.004118662261962891,0.002091364860534668,0.0020563167572021485,0.0023599647521972654,0.003845759963989258,0.00211583194732666,0.00423712158203125,0.002235647964477539,0.0023785375595092775,0.0025469712257385254,0.0041495742797851565,0.002515999984741211,0.002430073642730713
Op.HYPERELASTICITY.2D.P4.H200NVL,0.0018001646933333334,0.009506435394287109,0.008706246185302736,0.009332825469970704,0.005338371276855469,0.00846492156982422,0.005925011062622071,0.007620902252197266,0.0058069025039672855,0.0069807006835937505,0.007668563079833985,0.00502391357421875,0.008385852813720703,0.006205887985229493,0.006426375961303712,0.008302947235107421,0.005948275375366211,0.007950934600830078,0.00815572509765625,0.007487884521484375,0.00533045768737793,0.005386703872680664,0.006775065612792969,0.0056936048507690434,0.0062318176269531254,0.00909040298461914,0.008893718719482422,0.008208112335205077,0.00920018539428711,0.00892559356689453,0.008887958526611329,0.010608598327636718,0.009485584259033203,0.009119225311279297,0.011332070159912111,0.009538211059570312,0.009581382751464845,0.009819286346435547,0.010232899475097658,0.010278070068359376,0.00972396469116211,0.0094133056640625,0.011155133056640626,0.00919509735107422,0.009919868469238282,0.009843920135498048,0.00939376983642578,0.009806025695800781,0.011765238189697266,0.010563958740234376,0.010044876861572266,0.010480242919921874,0.00550445442199707,0.005522652816772462,0.006247766494750976,0.00564139518737793,0.00481379508972168,0.00583614559173584,0.00546968002319336,0.006492111968994141,0.005029916954040528,0.005616867256164551,0.00580265121459961,0.006258649635314942,0.006399184036254883,0.00947894744873047,0.008517362976074219,0.009316754913330078,0.008337657928466797,0.007712009429931641,0.009109120178222657
Op.HYPERELASTICITY.2D.P5.H200NVL,0.004077795555555555,0.018278175354003907,0.011742201232910157,0.011728896331787109,0.022361541748046877,0.013517961120605469,0.01729545593261719,0.01571939239501953,0.016958023071289064,0.010710259246826172,0.01026778564453125,0.01249169616699219,0.015691267395019533,0.014602365112304687,0.011388505554199218,0.01181707534790039,0.011721891021728515,0.017075343322753907,0.018455567932128908,0.017092662048339844,0.016721559143066406,0.011604140472412108,0.015018272399902345,0.012856361389160156,0.013682521057128905,0.013951744079589844,0.01905939178466797,0.012168243408203125,0.01340707244873047,0.018288426208496095,0.014176608276367186,0.01880938873291016,0.016208201599121095,0.014405433654785157,0.01867425537109375,0.020720239257812502,0.015857551574707033,0.011148847961425783,0.012297948455810547,0.012179347229003906,0.020212969970703126,0.021124620056152347,0.014013046264648438,0.02163086700439453,0.020671286010742185,0.023428099060058594,0.015304019165039063,0.013604847717285156,0.025137709045410156,0.01293124542236328,0.01687084503173828,0.012075225830078124,0.016297821044921876,0.017876486206054688,0.01776897888183594,0.017743315124511716,0.020527253723144533,0.01991664276123047,0.020044248962402342,0.019149034118652347,0.022668415832519533,0.021313897705078126,0.020469561767578123,0.02383632049560547,0.02202984619140625,0.021417884826660155,0.02342213439941406,0.02010417022705078,0.024481394958496095,0.01786117401123047,0.01931153259277344
Op.HYPERELASTICITY.2D.P6.H200NVL,0.007809596336700337,0.02812029724121094,0.07582330322265625,0.02344360046386719,0.04389866333007812,0.0275670166015625,0.0695726318359375,0.027087600708007812,0.02704275817871094,0.022322947692871093,0.16206112060546876,0.026266931152343753,0.2050566650390625,0.028809197998046876,0.07603547973632813,0.02266577301025391,0.025792687988281254,0.024240406799316407,0.036632754516601564,0.017759826660156252,0.034685229492187504,0.030482122802734376,0.025748724365234375,0.028543374633789066,0.16455677490234377,0.19618026123046875,0.05964139404296875,0.03449310913085937,0.025149539184570312,0.064348876953125,0.03762493591308594,0.07499503784179687,0.02366475830078125,0.025729754638671876,0.03332992248535156,0.029593353271484376,0.027515374755859377,0.017214515686035155,0.15162139892578125,0.016734576416015626,0.02560455627441406,0.06587419433593751,0.07492787475585938,0.026101171875,0.027855816650390625,0.1954842041015625,0.034901016235351565,0.11139649658203125,0.0278493896484375,0.030892361450195315,0.032555810546875,0.062415411376953125,0.170328271484375,0.037459051513671876,0.02664606628417969,0.0621465576171875,0.15054534912109374,0.027825900268554686,0.15715599365234373,0.020316712951660158,0.027122222900390625,0.0285564208984375,0.019676454162597657,0.1272009033203125,0.020870742797851564,0.025152691650390625,0.031236068725585937,0.02209423065185547,0.016296298217773435,0.022893875122070313,0.03662308044433594
Op.HYPERELASTICITY.2D.P7.H200NVL,0.014235213575757575,0.04258780517578125,0.043873559570312505,0.04528908081054688,0.041460150146484374,0.04829618530273437,0.06177941284179688,0.04690993041992188,0.04548695373535156,0.038663293457031254,0.04274905090332031,0.045960028076171874,0.03950867309570313,0.07178521728515626,0.05042794189453125,0.05100621948242188,0.047450817871093745,0.14143167724609376,0.13633767089843749,0.04348824768066406,0.1459554443359375,0.062493151855468755,0.053312774658203124,0.05388615112304687,0.04976993103027344,0.05607635498046875,0.05700256958007813,0.04394983825683594,0.045654568481445314,0.039185546875,0.03629215393066407,0.0633613037109375,0.051698248291015624,0.3643199462890625,0.10953907470703125,0.040565679931640626,0.04438886108398438,0.059843389892578126,0.04015654296875,0.25936965332031253,0.0422829345703125,0.057514190673828125,0.041105838012695316,0.1471190185546875,0.03594983825683594,0.042183679199218754,0.336253662109375,0.06252241821289063,0.04799451599121094,0.04812381896972656,0.04238705749511719,0.05518733520507813,0.1127828369140625,0.04043045959472656,0.41652939453125,0.02877572021484375,0.10147151489257814,0.04285916748046875,0.051854058837890626,0.06751574096679687,0.0473319091796875,0.04967466430664062,0.2771776611328125,0.029703204345703126,0.0415457763671875,0.04351486511230469,0.051311962890625,0.13979945068359376,0.03177083740234375,0.057697576904296874,0.05406409301757813
Op.HYPERELASTICITY.2D.P8.H200NVL,0.023831272727272725,0.0883704345703125,0.08075324707031249,0.104706201171875,0.09187107543945312,0.08139672241210937,0.076168408203125,0.09886491088867187,0.06936906738281251,0.07979442138671876,0.09011123657226562,0.07082803344726563,0.08715973510742188,0.07959301147460937,0.07465382690429688,0.09817960815429687,0.11460294189453125,0.10079539794921875,0.10027020874023439,0.09399043579101563,0.09979867553710937,0.113836328125,0.09749969482421875,0.08323080444335938,0.11562211914062501,0.10555511474609375,0.08522970581054688,0.09265214233398437,0.09159234619140626,0.086747705078125,0.054030816650390626,0.06488946533203126,0.04857253112792969,0.059648693847656246,0.045258874511718755,0.05509714965820312,0.07760770874023437,0.06714365844726562,0.0838120849609375,0.06248052978515625,0.06639591064453125,0.049050332641601566,0.0721795654296875,0.0696062744140625,0.06401183471679688,0.07038510131835937,0.08547882080078126,0.08042342529296874,0.06405565185546876,0.08699198608398437,0.07361388549804687,0.08569014282226563,0.04912002563476563,0.08128154296875001,0.06344767456054687,0.06590858764648438,0.05796538696289063,0.08086349487304688,0.08124033813476562,0.06730825805664063,0.05131055908203125,0.08420650024414063,0.10218323974609375,0.049047402954101565,0.07445321044921875,0.07963373413085938,0.07959868774414063,0.06694425659179687,0.07549300537109374,0.06506448974609376,0.09041519165039062
Op.MASS.3D.P1.H200NVL,9.082362828282828e-06,4.4188800454139716e-05,5.59008002281189e-05,7.906879782676697e-05,8.287680149078369e-05,8.010560274124146e-05,5.747519731521607e-05,9.14080023765564e-05,4.361279904842377e-05,9.56496000289917e-05,5.682880282402038e-05,4.5203199982643124e-05,8.15168023109436e-05,8.412479758262634e-05,5.676800012588501e-05,4.367679953575134e-05,7.954239845275879e-05,5.759040117263794e-05,9.703360199928284e-05,4.5835199952125547e-05,4.4089600443840025e-05,8.22816014289856e-05,5.7984000444412233e-05,8.085759878158569e-05,9.323520064353943e-05,8.152319788932801e-05,9.54464018344879e-05,9.253119826316833e-05,8.258879780769349e-05,9.653120040893556e-05,9.32703971862793e-05,7.840639948844911e-05,7.967039942741394e-05,8.089920282363892e-05,7.888000011444092e-05,8.146880269050598e-05,8.069120049476623e-05,9.203839898109437e-05,0.00010636160373687745,0.00010221120119094848,9.270399808883667e-05,0.00010351040363311767,0.0001080672025680542,5.590720176696777e-05,8.295680284500122e-05,9.06719982624054e-05,5.725439786911011e-05,5.6959998607635495e-05,9.501760005950929e-05,8.43231976032257e-05,5.6870400905609135e-05,9.65120017528534e-05,5.8326399326324466e-05,9.27295982837677e-05,5.792319774627685e-05,9.177280068397523e-05,0.00010720959901809694,0.00010330560207366943,0.00010157760381698608,7.730879783630371e-05,0.00011982719898223877,7.960640192031861e-05,8.085119724273682e-05,0.00011490559577941895,8.12991976737976e-05,8.976960182189942e-05,9.388160109519958e-05,8.287360072135926e-05,9.191359877586365e-05,9.576960206031799e-05,9.264320135116578e-05
Op.MASS.3D.P2.H200NVL,6.244124444444446e-05,0.00019086880087852478,0.00014606399536132815,0.00018088639974594119,0.0001423359990119934,0.0001510432004928589,0.00014822080135345458,0.00014160319566726683,0.00020045759677886962,0.00018171199560165405,0.0001999392032623291,0.0001494112014770508,0.00020902080535888673,0.00020151040554046632,0.00020960479974746704,0.00020090720653533935,0.00014513280391693115,0.00014558080434799196,0.00017215039730072022,0.00014676159620285035,0.0002144063949584961,0.00021767039299011232,0.00020740799903869628,0.00020174078941345214,0.00014958399534225464,0.00015697280168533326,0.00017934080362319945,0.00018703360557556154,0.00018643840551376342,0.000188156795501709,0.00021272640228271484,0.0001698464035987854,0.00016195199489593508,0.00017314720153808593,0.00015412800312042236,0.00016552640199661255,0.00020736639499664307,0.00016145119667053222,0.00022738881111145022,0.00020837600231170654,0.00016308480501174926,0.0002278496026992798,0.00020509119033813479,0.0001650272011756897,0.00020727679729461672,0.0001834239959716797,0.0001460927963256836,0.0001945088028907776,0.00014787520170211793,0.0001842352032661438,0.00020364480018615722,0.00021198559999465944,0.00015264639854431153,0.00014727360010147094,0.0001520799994468689,0.00020226240158081055,0.0001494271993637085,0.0001475200057029724,0.0001486624002456665,0.00021787519454956057,0.0001543295979499817,0.00022054879665374757,0.00020340319871902467,0.00020461759567260744,0.0001488800048828125,0.0002029695987701416,0.00020847840309143065,0.0001647104024887085,0.00022027360200881958,0.00020681600570678711,0.000158433598279953
Op.MASS.3D.P3.H200NVL,0.0002611179313131313,0.0004868288040161133,0.00034667520523071286,0.0004844064235687256,0.0004883391857147217,0.0005074111938476563,0.00035422720909118657,0.0004389904022216797,0.0004962336063385009,0.0005098464012145996,0.0005177472114562989,0.0003569007992744446,0.0004330560207366944,0.0004420383930206299,0.0004875904083251953,0.0005490911960601806,0.0003620176076889038,0.0005081759929656983,0.0005835824012756347,0.0003642112016677857,0.0004981120109558106,0.0003633087992668152,0.0004980703830718995,0.0003601088047027588,0.0005266319990158081,0.00044659359455108644,0.0005907119989395142,0.00038303360939025876,0.0004258399963378906,0.0005180128097534181,0.0005207136154174806,0.0006016064167022705,0.0004492703914642334,0.000601859188079834,0.0005218016147613526,0.0005250495910644531,0.00044634242057800294,0.0006018239974975585,0.0004545744180679322,0.0005013935804367066,0.0006205583810806275,0.0003872096061706543,0.00036704320907592774,0.0003908047914505005,0.0004564799785614014,0.000485699200630188,0.0003899487972259522,0.0003748159885406494,0.0005330911874771118,0.0005056479930877686,0.0004718912124633789,0.0006214047908782959,0.0005236000061035156,0.0005246079921722412,0.0004922544002532959,0.0005142176151275634,0.000551636791229248,0.0006012671947479248,0.0003709375977516174,0.000561190414428711,0.0003803071975708008,0.00043791680335998536,0.0004968271970748902,0.00034955201148986813,0.0004927296161651611,0.0005225023984909057,0.00041130080223083495,0.0003706943988800049,0.00038270719051361083,0.0005374783992767334,0.0005143263816833497
Op.MASS.3D.P4.H200NVL,0.0008741774222222223,0.000949990485127553,0.001289743995666504,0.001336851215362549,0.001206435203552246,0.001399611234664917,0.0011550559997558594,0.0012471424102783203,0.0014184320449829103,0.0016737711906433107,0.0013628128051757812,0.001244668769836426,0.0013638671875,0.0014168383598327638,0.0014258015632629395,0.001722003173828125,0.0012384863853454591,0.0014950976371765137,0.001377030372619629,0.0011697711944580079,0.0013414752006530761,0.0009649920463562012,0.001315724802017212,0.0016023712158203126,0.00136668643951416,0.0015902175903320312,0.0014885839939117432,0.0015436320304870607,0.0009252384185791016,0.0013450624465942383,0.0009679039955139161,0.0013919456005096436,0.001350534439086914,0.0009239359855651855,0.0013271568298339844,0.0013598639965057373,0.0012629392147064209,0.0015623359680175782,0.0013532032012939454,0.0009674992084503175,0.0012488320350646973,0.0012457663536071778,0.00165251522064209,0.001304150390625,0.0009181712150573731,0.0014333312034606935,0.0013832287788391113,0.0014228832244873046,0.0013709792137145997,0.0014252191543579103,0.000930684757232666,0.0018020463943481447,0.000945644760131836,0.0013648111820220947,0.001489247989654541,0.001245145606994629,0.0016350640296936036,0.0014080448150634766,0.0010119071960449219,0.0015243520259857178,0.0013899472236633304,0.0014785215854644777,0.001333801555633545,0.0016913392066955565,0.001372060775756836,0.0015517696380615235,0.001408579158782959,0.0013087424278259276,0.0009446144104003906,0.00141463041305542,0.0016167504310607911
Op.MASS.3D.P5.H200NVL,0.0023523319725252526,0.0034751937866210935,0.003490777587890625,0.002521480898905795,0.003726473617553711,0.0028040528297424315,0.003359872055053711,0.0024512911126271446,0.0025277915308407053,0.0026712736129760745,0.003588599967956543,0.0033614288330078125,0.002770438385009766,0.003692750358581543,0.0034289905548095705,0.0031991936683654788,0.0027166175842285156,0.0032933536529541015,0.0035070110321044922,0.0034234336853027343,0.003432129669189453,0.003321718215942383,0.0031910256385803224,0.0032357982635498046,0.0034009489059448244,0.002494156837463379,0.003080575942993164,0.0033135936737060546,0.0024677543447915863,0.0035557537078857422,0.003608223915100098,0.003128764820098877,0.0037440929412841796,0.004029919815063477,0.0037739295959472656,0.0032155681610107423,0.0037639488220214843,0.0037460960388183595,0.0034417470932006835,0.0032882080078125,0.0035168800354003905,0.003332310485839844,0.00325720329284668,0.003337601661682129,0.0032401695251464842,0.003498601531982422,0.003903366279602051,0.003983595275878906,0.0037880638122558593,0.003802092742919922,0.00420163516998291,0.003603348731994629,0.003507350540161133,0.003923097610473633,0.003797987365722656,0.0035004928588867187,0.004140521621704102,0.0038753726959228517,0.0039358335494995116,0.003936731147766113,0.0037027553558349607,0.003272684860229492,0.0032151086807250978,0.004473168182373047,0.0034885921478271485,0.004266815948486328,0.0034210046768188476,0.0038934207916259764,0.004002515029907227,0.003376352119445801,0.0036554864883422853
Op.LAPLACE.3D.P2.H200NVL,6.81177212121212e-05,0.000135916805267334,0.00013376479744911193,0.00016303999423980715,0.00015731199979782104,0.00013702080249786377,0.0001639296054840088,0.00014034559726715088,0.00013242719769477845,0.00013400319814682008,0.00017645759582519532,0.00017239999771118166,0.00017806400060653687,0.00020547521114349366,0.00014302560091018678,0.00018032000064849854,0.0001770975947380066,0.00017345919609069825,0.00013365440368652342,0.00018248000144958495,0.00015168799757957457,0.00019256799817085266,0.0001473919987678528,0.000137007999420166,0.00015588799715042116,0.000152291202545166,0.00014127680063247681,0.0001889312028884888,0.0002036736011505127,0.00017685439586639405,0.00014392000436782838,0.00015309920310974123,0.00018537280559539795,0.00014752639532089235,0.00018661439418792724,0.00019685120582580568,0.00016583679914474486,0.0001583008050918579,0.00013408319950103758,0.0001362112045288086,0.0001648319959640503,0.00017942559719085692,0.0001650720000267029,0.0001369727969169617,0.00014118080139160154,0.00013213759660720824,0.00018068480491638183,0.00013470720052719115,0.0001735103964805603,0.00020831038951873778,0.0001487007975578308,0.00015080000162124636,0.00014323840141296386,0.00017933440208435058,0.00013489919900894166,0.00018271039724349975,0.00014677599668502808,0.0001956175982952118,0.00018426880240440368,0.00017481919527053834,0.0001395135998725891,0.0002065119981765747,0.00014193600416183473,0.0001505087971687317,0.00019143999814987185,0.00015030879974365234,0.00018958079814910888,0.00020350399017333984,0.00014805760383605957,0.00014509599804878235,0.00018916800022125243
Op.LAPLACE.3D.P3.H200NVL,0.00037464746666666666,0.00040418334857270154,0.0003971015187569576,0.0003909352468118074,0.0003949225830134191,0.00045223360061645514,0.0003905749901695714,0.0003942784070968628,0.0003973006494282721,0.00043240318298339844,0.0004176800012588501,0.0004176032066345215,0.0003905289560966418,0.0003965280055999756,0.00042994241714477537,0.00045430397987365723,0.00041283202171325686,0.0004215648174285889,0.0003929256276670119,0.00043013439178466795,0.0003938972533891369,0.0004354911804199219,0.0003920794789041227,0.0004198560237884522,0.00042600002288818365,0.0004557055950164795,0.0004973263978958131,0.0004674911975860596,0.0004597200155258179,0.0003864288091659546,0.0004447199821472168,0.0004562272071838379,0.0004902816057205199,0.0005189472198486328,0.0005022703886032105,0.00046053757667541506,0.0003982719898223877,0.0004234176158905029,0.0004089216232299805,0.0003963434411164923,0.0005288991928100586,0.0005467391967773437,0.0004705376148223877,0.00038804320096969604,0.0004010121801305634,0.0004612127780914307,0.0004911343812942506,0.0004460447788238525,0.0004010496139526367,0.0005148640155792236,0.0005119711875915527,0.0004734400033950806,0.0004850815773010254,0.0003980820397973758,0.00040325432187828745,0.00039268479347229,0.00039390891750083854,0.0004283807992935181,0.00042171361446380616,0.000413481616973877,0.000445798397064209,0.00038713920116424563,0.0004733695983886719,0.00045005760192871094,0.00039152319431304933,0.000423308801651001,0.00040423629406408264,0.0004582816123962402,0.00043102881908416754,0.0004345456123352051,0.00041091840267181394
Op.LAPLACE.3D.P4.H200NVL,0.0013708691393939396,0.0014140031814575196,0.0014535963331605982,0.0014561469943167097,0.0016886960029602052,0.0014477808889876633,0.0014845823764801024,0.0016075712203979494,0.0014423832753818143,0.0015342383861541749,0.0014829936706502094,0.0014506587991248386,0.0014637308046913477,0.0016355567932128906,0.0014513185456732373,0.001586736011505127,0.001446431621597458,0.0014530859277307013,0.0014440607170092942,0.0014894272327423096,0.0014571297483768808,0.001481606388092041,0.001460679434570805,0.0014717253682926684,0.0014753758110381027,0.0014463511936417801,0.0014441200256347657,0.0014463262138269067,0.0014775173771735656,0.0014296663159036839,0.0014478268844194103,0.0014564367734077649,0.0014375016323441285,0.0014592084247716935,0.0014598657764143073,0.0014735284267148483,0.0014800279827517325,0.001445355806484736,0.0014373246513782502,0.0014474203791508206,0.0014665578433368115,0.0015447936058044433,0.0014338719844818116,0.0014536873293740276,0.001454446741240823,0.0014317729771819506,0.0016484960556030273,0.0014653756578894414,0.0014794755038114672,0.001435348863187687,0.0014342798868509257,0.001433678388595581,0.0014869547707867634,0.0014773427672432166,0.0014499626500983122,0.0014406638178789683,0.001451780187972656,0.0014850943565368653,0.0016998655319213868,0.0016405183792114258,0.0014777654172389587,0.0014824924235144338,0.001598089599609375,0.0014580008672000844,0.0014390507656416147,0.0016120384216308594,0.0014761437444945136,0.0014755712032318115,0.0015657151699066162,0.0014852234627653323,0.0014552105221220593
Op.LAPLACE.3D.P5.H200NVL,0.004196051626666667,0.004523202731231489,0.004547594561828442,0.004412574059151712,0.004403689717636177,0.004483280036632477,0.006064092636108399,0.00450334621749771,0.004506626535340561,0.004490450707485808,0.004449323560772171,0.004458606463258979,0.00702667236328125,0.0044915316766589,0.004437933002877354,0.004430745103569828,0.004452841860745669,0.004485396496161385,0.007265789031982422,0.004440472500880144,0.004446495546824017,0.004494423098310816,0.004501582877376268,0.005905420684814453,0.004455211478116976,0.004442646639041109,0.004442937028920611,0.004509257507324219,0.004486251439057511,0.0044514256599289545,0.00437348028694213,0.004477598637537513,0.0043996655591742595,0.004544855922027353,0.0043937293311699,0.004381529452629979,0.004509582318733014,0.004558527218866877,0.004467114639649677,0.004524979195736471,0.004417071914672851,0.004376059749705773,0.004389598059054705,0.005896688079833984,0.00437806259409207,0.004444241227720256,0.0044610068155994465,0.004401566423503588,0.004435132037787891,0.0045121633835075075,0.0043828878162058705,0.006436952209472656,0.004497347259521485,0.0044753684188907515,0.004412519930095747,0.0044637065490176365,0.004524853501220944,0.004502988499044555,0.0044497948091024074,0.00434249439239502,0.00453274343080981,0.004741444778442383,0.0045582030746644225,0.004476477664864499,0.004414629249474362,0.005540646362304688,0.004442305073630926,0.004497540401970465,0.0044229972168838075,0.004466828133580864,0.004370977926872687
Op.HELMHOLTZ.3D.P2.H200NVL,0.00024976497777777783,0.0002646672010421753,0.000262622650226931,0.00026202093972341753,0.00026845423656502923,0.00036666560173034666,0.00027525279521942137,0.00035271199941635134,0.0003242975950241089,0.0003007839918136597,0.00035460000038146976,0.0002719007968902588,0.0003762719988822937,0.00031642239093780515,0.00037185599803924563,0.00036992640495300296,0.0003277343988418579,0.00037989439964294437,0.00038336000442504883,0.00029410879611969,0.0003598688006401062,0.0003581984043121338,0.00036512479782104494,0.0003370176076889038,0.00032455360889434813,0.0003167327880859375,0.00040990879535675046,0.0003067231893539429,0.0004080176115036011,0.0003134176015853882,0.00038072640895843506,0.0003311199903488159,0.00031332159042358397,0.00033581600189208985,0.000328275203704834,0.00032738559246063234,0.00038350720405578616,0.00033663361072540284,0.00040960960388183594,0.0003891968011856079,0.00036424319744110105,0.00043043842315673833,0.0003224544048309326,0.00031899359226226804,0.0003777375936508179,0.0002696978616791139,0.0002691513706147573,0.0002672544002532959,0.0002664754966686017,0.00029444160461425785,0.0003212399959564209,0.0003714240074157715,0.00025899839401245117,0.0003170111894607544,0.00033351678848266605,0.00034489760398864744,0.0002601632118225098,0.0003488640069961548,0.00034942719936370846,0.000356710410118103,0.00031663360595703127,0.00037560000419616704,0.00036321920156478886,0.000317958402633667,0.0002837984085083008,0.0003060863971710205,0.0003585536003112793,0.00029294240474700927,0.0003575936079025269,0.0003363983988761902,0.0003756256103515625
Op.HELMHOLTZ.3D.P3.H200NVL,0.0010444717252525253,0.001076905632019043,0.0011257699036809222,0.0010980594523150194,0.0010939886648763143,0.0012453120231628418,0.0011199085412471116,0.0010805184364318847,0.0011107589681891422,0.001283524799346924,0.0010840224266052245,0.0011066957090921272,0.0011042495727539064,0.0011457200050354003,0.0012699680328369142,0.0011007240901339214,0.0011280623913768146,0.0011215986318743587,0.0011003378127844275,0.0010960959911346436,0.0012626543998718264,0.0011079251553577137,0.0011019968032836914,0.0010925461236184638,0.001301417636871338,0.0011136110056704745,0.001121006441116333,0.001162345600128174,0.0012893184185028077,0.001115573334091064,0.001120364921590325,0.001123988393266478,0.0011040569578894515,0.001122378919245563,0.0010942708757479581,0.0011220913438833042,0.0010970767974853514,0.001103003271950961,0.0011079255395365455,0.0011050992938082423,0.0011130479812622072,0.0010927531993474798,0.0011269661694482697,0.0011279482153785626,0.0011293099019863062,0.0011315347704922514,0.0011095239570447072,0.001127173278496439,0.0010968038368942858,0.0011341803787484248,0.0011171008420756826,0.0011166656017303467,0.0011124085643843395,0.0011322848320007323,0.001124707053231206,0.0011179952893239865,0.0010928575992584229,0.0011244037222572997,0.0011215525263760713,0.001091316665059924,0.0011376192092895508,0.001245299243927002,0.0011150701450047661,0.0010903712272644045,0.001116563069054715,0.001143056011199951,0.0013915343761444093,0.0012867087841033934,0.001105908271692142,0.0012523008346557616,0.0014195072174072265
Op.HELMHOLTZ.3D.P4.H200NVL,0.0034967096888888897,0.004676612663269043,0.004019004821777344,0.0036947050071975155,0.0037868163296111896,0.0037069842829365396,0.0036829298785996255,0.00405967674255371,0.003673698433133499,0.0037059421025719356,0.0038783151626586914,0.0037793158864735193,0.0037869834349039846,0.004192134475708008,0.004110486221313477,0.0037481259260686993,0.003653433386929509,0.003699651336669922,0.0036747247695922856,0.003724243455798627,0.0036583389206637047,0.0037262981007335346,0.0036799540137028943,0.003722259690920972,0.0036871584643596105,0.0037490702106364395,0.003659197791930737,0.0037573643563288016,0.0037997509483126786,0.003685221165368894,0.0042473295211792,0.004273883247375489,0.004378374481201173,0.0037350433349609374,0.0036921570556254814,0.0036952321252746684,0.003690472017047237,0.0037062987779719883,0.003781816451346777,0.003693311496557265,0.003799681301512831,0.00377079475018052,0.003732470691741039,0.003739257464871751,0.0037812134586517297,0.003731502130995763,0.004322982406616211,0.0043414815902709965,0.004513216018676758,0.004055737686157227,0.004285369491577148,0.0037004384773385484,0.003739402372641926,0.0036871900005248045,0.003762990632197666,0.003777151840450471,0.0036809175496400805,0.003693385708896605,0.003731117807924746,0.00377830407965358,0.0036990495681762697,0.0036941730283917796,0.0036807538987727938,0.0037738714661390473,0.0036901780893753944,0.00398033275604248,0.004192611122131347,0.0037428969245798826,0.003655333834212952,0.003680508437431097,0.0037560690884849463
Op.HELMHOLTZ.3D.P5.H200NVL,0.00940932789010101,0.009826758234430936,0.010216322229800623,0.009998540496826172,0.010145998826888979,0.010121081631936398,0.009912034529892033,0.010095999908447265,0.009998789303364066,0.010025120769819694,0.01012952350292384,0.00990185940357882,0.010175719793831745,0.01011871400786488,0.009881107153498925,0.011039049530029297,0.010030818350820338,0.017489407348632812,0.009851949277643803,0.009966805569881117,0.009888091627789987,0.01014487023336312,0.010088821361690318,0.010062717849609333,0.010012394769923974,0.01002166482999932,0.009874426757351177,0.010151092355132675,0.009862412685502399,0.009846906165952492,0.010194058772416487,0.01706618194580078,0.010223356354677643,0.010098986475622714,0.010052380793306986,0.009813466291804233,0.010195874961989428,0.009891517502046877,0.010589059448242188,0.010020402089316588,0.01017010304879445,0.010067293878350456,0.010060912244439165,0.010120354659313557,0.0195010498046875,0.010098288139616904,0.010044150833653698,0.009816819597103895,0.019781507873535154,0.010027477530752784,0.009821790028889634,0.01021397145846969,0.01019821697787531,0.01077452163696289,0.010215176211705732,0.009939734113643097,0.010130527130442891,0.010697789001464845,0.009977477303325865,0.009885672525985708,0.01008207926193037,0.011789456176757813,0.010119438219269162,0.009914821756959085,0.010020200263423575,0.01016160792391747,0.01585238037109375,0.010188792915614999,0.009909910154243707,0.009858723057717808,0.019292816162109375
Op.ELASTICITY.3D.P2.H200NVL,7.442606080000001e-05,0.00043372478485107424,0.0004024767875671387,0.0004456160068511963,0.0004962480068206787,0.0005133215904235839,0.0006505263805389404,0.00046956157684326175,0.0005036032199859619,0.0004440159797668457,0.0005420479774475098,0.0006416431903839112,0.0005482816219329834,0.0005007200002670288,0.00045878720283508304,0.0005237343788146974,0.0007193312168121338,0.0007285104036331177,0.0004927807807922363,0.0007013504028320312,0.00048726401329040524,0.0005192736148834228,0.0004772480010986328,0.0004443135976791382,0.0004722143888473511,0.000471619176864624,0.000446073579788208,0.0007546495914459229,0.0005919456005096435,0.0007891808032989503,0.0005114367961883545,0.0005091487884521484,0.0007618960142135619,0.0004839615821838379,0.0005254752159118652,0.0006022079944610595,0.0004917503833770752,0.0004919744014739991,0.00040087840557098393,0.0004310800075531006,0.0004424160003662109,0.0005379696130752563,0.0006297984123229981,0.0004894048213958741,0.00046119041442871096,0.00047859201431274415,0.0005460752010345459,0.0004403439998626709,0.0006205712080001831,0.0004983136177062989,0.0004687983989715576,0.0004552111864089966,0.000452025580406189,0.0007031871795654297,0.0004713632106781006,0.0005137279987335205,0.00047314720153808596,0.000520956802368164,0.0006872175931930543,0.0007124576091766357,0.0004356287956237793,0.0005895616054534912,0.00044430878162384033,0.00045607042312622074,0.0007458335876464843,0.0004910879850387572,0.0007460480213165284,0.0006057727813720703,0.0004821999788284302,0.0004987040042877197,0.0005289631843566894
Op.ELASTICITY.3D.P3.H200NVL,0.00037464746666666666,0.0013954639911651612,0.001381004810333252,0.001528977632522583,0.0014956992149353027,0.0014356416225433351,0.0015356624126434326,0.0013848896026611328,0.0013923151969909668,0.00165600643157959,0.001456723213195801,0.001548870372772217,0.0015152127742767334,0.0011624608039855957,0.0014231616020202638,0.0014314687728881838,0.0015048095703124999,0.0015441408157348634,0.001398635196685791,0.0015584480285644531,0.0014486527919769288,0.0017371919631958008,0.0014103615760803223,0.0014864848136901857,0.0016057920455932618,0.0015781487941741944,0.001675924777984619,0.0013429696083068847,0.0014013999938964844,0.0015346784114837646,0.0014668383598327637,0.0014272831916809082,0.001498147201538086,0.0015934304237365722,0.0017388959884643556,0.0016968063354492187,0.0018262399673461913,0.001742470359802246,0.0016216927528381348,0.0013830880165100097,0.001403115177154541,0.001343344020843506,0.0015531359672546388,0.0014851856231689452,0.0014416672229766846,0.0015175151824951172,0.0016121088027954103,0.0017193920135498047,0.001760905647277832,0.001866444778442383,0.001642838478088379,0.0017577728271484375,0.0012679488182067871,0.0015469728469848633,0.0015189775943756103,0.0015969823837280273,0.001736200046539307,0.0014901360034942626,0.001678774356842041,0.0014923487663269044,0.0015971808433532715,0.0018169343948364258,0.0017340784072875978,0.0016964704513549804,0.0018697664260864258,0.0012740032196044923,0.0014815727710723876,0.0014795871734619142,0.0017548063278198243,0.0016218624114990234,0.0015053728103637696
Op.ELASTICITY.3D.P4.H200NVL,0.0013708691393939394,0.003530070495605469,0.004314871978759766,0.004283729743957519,0.004298383903503419,0.004119974517822266,0.0046675487518310545,0.004547715187072754,0.004704811096191406,0.004608201599121094,0.004238777542114259,0.0049238304138183595,0.004137996673583984,0.004219380950927734,0.005272726440429688,0.004056124877929688,0.005512422561645508,0.004196382331848145,0.003999228668212891,0.004428758239746093,0.004615271949768067,0.004289140701293945,0.004456787109375,0.007505638122558594,0.005943107223510742,0.004839462280273437,0.0037655937194824222,0.0044532127380371095,0.0035991790771484375,0.004211231994628906,0.004427596664428711,0.004966172790527344,0.004396188735961914,0.0042588720321655275,0.0036298799514770507,0.003943168067932129,0.003296988677978516,0.004611907196044922,0.004513641738891602,0.004063539123535156,0.00525631046295166,0.0037268257141113282,0.004895497512817383,0.004176217651367187,0.004893804931640626,0.004815516662597656,0.0072386978149414066,0.00549532470703125,0.006650993347167969,0.006049939346313477,0.004961308670043946,0.007474256134033203,0.007988883209228515,0.004586276817321777,0.004207673645019531,0.0043056447982788085,0.00451993293762207,0.004279118347167968,0.004295699310302735,0.0046497264862060544,0.0053806785583496095,0.005021601676940919,0.005587286376953125,0.004365059280395508,0.004493452835083007,0.0038594511032104496,0.00414692497253418,0.005509049606323243,0.0043949535369873045,0.0044426689147949215,0.004489891052246094
Op.ELASTICITY.3D.P5.H200NVL,0.004196051626666667,0.015563066101074219,0.016334886169433595,0.015050703430175782,0.01519713592529297,0.01654990386962891,0.01557056884765625,0.015068156433105469,0.016744175720214846,0.01825519714355469,0.01802660827636719,0.01787588806152344,0.016684690856933592,0.015428396606445313,0.013765696716308593,0.01662178497314453,0.016535484313964843,0.015931613159179688,0.01479117431640625,0.015387747192382813,0.01620836486816406,0.01688994903564453,0.01856226501464844,0.014198921203613282,0.0150496826171875,0.022066630554199218,0.017883570861816404,0.016161878967285156,0.02325581817626953,0.01683293762207031,0.02160080261230469,0.02404217987060547,0.01551134033203125,0.014239231872558595,0.01472065887451172,0.014817698669433593,0.014865321350097657,0.01284752960205078,0.014266383361816405,0.017694221496582032,0.016997468566894533,0.014544773864746095,0.019011305236816406,0.014126304626464845,0.016670335388183594,0.015372419738769532,0.01609389190673828,0.013797491455078126,0.017826278686523436,0.015022460937500001,0.01767131805419922,0.0160671875,0.019370697021484376,0.01761446075439453,0.017900544738769533,0.01961099853515625,0.016470742797851563,0.019683836364746094,0.022149002075195313,0.01767876434326172,0.02175845184326172,0.025232028198242187,0.022020845031738283,0.01859187469482422,0.017147302246093753,0.015341471862792968,0.01879468231201172,0.018262899780273435,0.016531272888183596,0.018209443664550785,0.01865125732421875
Op.HYPERELASTICITY.3D.P2.H200NVL,0.00037862809600000004,0.0015031423568725587,0.0016685903549194334,0.0018607135772705078,0.0017647264480590821,0.002092883205413818,0.0018672623634338379,0.0019450080871582032,0.0019445008277893068,0.0021260223388671873,0.001974831962585449,0.002077584075927734,0.0015054176330566407,0.001886848068237305,0.00169652156829834,0.0021245759963989257,0.0017892576217651368,0.0019758047103881834,0.0019107583999633789,0.0019904832839965822,0.002022166442871094,0.0021701280593872073,0.0021088255882263183,0.0010197248458862305,0.002043683242797852,0.002133967971801758,0.0024131808280944823,0.0023302591323852537,0.00250467529296875,0.0022547807693481447,0.002305969619750977,0.0023426015853881834,0.0024609952926635745,0.002429419136047363,0.0010410367965698242,0.002074025535583496,0.002167510414123535,0.002356847953796387,0.002452915191650391,0.002523652744293213,0.0022615711212158203,0.00233819522857666,0.0024636192321777343,0.002375622367858887,0.0024965503692626952,0.0015904288291931153,0.0018800144195556642,0.0017812095642089844,0.001944424057006836,0.002154217529296875,0.00209756965637207,0.0022155024528503417,0.0020997407913208007,0.002366912078857422,0.0021429855346679688,0.002263161659240723,0.001612620735168457,0.0019069248199462892,0.0018046000480651855,0.0021872688293457032,0.0019761568069458007,0.0021149584770202637,0.00225897274017334,0.002131622314453125,0.002405731201171875,0.0021714336395263676,0.002302963256835938,0.0016660127639770508,0.000981276798248291,0.0015880448341369629,0.002066543960571289
Op.HYPERELASTICITY.3D.P3.H200NVL,0.002343244288,0.008528684997558595,0.008264002990722656,0.00873251495361328,0.007708067321777344,0.010164678192138671,0.008430274963378906,0.00967996826171875,0.009232985687255859,0.009726051330566407,0.00809610595703125,0.008169376373291015,0.011207606506347655,0.009987673950195312,0.010506832122802734,0.009639814758300782,0.008531212615966798,0.01091526107788086,0.010126409912109375,0.011562774658203125,0.008562332916259767,0.011197801971435547,0.009029344177246094,0.009552870178222657,0.009995948791503907,0.01076888656616211,0.00923975067138672,0.008724114990234375,0.010077430725097656,0.009800169372558594,0.009035132598876953,0.010785279846191407,0.009154704284667968,0.010752726745605469,0.009215180969238282,0.011203193664550781,0.011223849487304687,0.01187459487915039,0.012365519714355469,0.009887596893310547,0.01065261459350586,0.011476383972167969,0.010345887756347656,0.015032666015625001,0.014661882019042968,0.010903759765625002,0.008767565155029298,0.007577539062499999,0.011116838073730468,0.011309193420410157,0.007606537628173828,0.011948268890380859,0.007656237030029297,0.010405506896972658,0.010562079620361327,0.010973283386230468,0.00932429428100586,0.01011630401611328,0.009279219055175782,0.011905622100830078,0.009785664367675782,0.010785842895507812,0.010657855987548828,0.009644844818115235,0.012000399780273436,0.009742098999023436,0.010969308471679687,0.011246646118164063,0.010482854461669923,0.012433650970458985,0.012822630310058595
Op.HYPERELASTICITY.3D.P4.H200NVL,0.009964627456000002,0.041284173583984375,0.042773764038085936,0.04329116821289063,0.03778605346679687,0.04315797729492188,0.03607565002441406,0.0396349853515625,0.036866510009765624,0.04356325073242188,0.07844559326171875,0.21630930175781252,0.051673205566406255,0.043786334228515626,0.2164633056640625,0.05090553588867188,0.06076083984375,0.054345166015625,0.2239610595703125,0.19585316162109376,0.14946573486328127,0.055425140380859376,0.16330061035156251,0.09216152954101563,0.04368174133300781,0.2965779296875,0.21109406738281253,0.265776025390625,0.06277970581054687,0.05364307861328125,0.05338619384765625,0.048215142822265626,0.052748394775390624,0.14177645263671876,0.16242355957031251,0.190446484375,0.073539892578125,0.040180905151367186,0.04480595703125,0.07529545288085937,0.041906683349609376,0.25107416992187503,0.13836556396484376,0.04597102966308594,0.04710221862792969,0.04648107299804688,0.04752632141113281,0.1657153076171875,0.14596024169921876,0.2079945556640625,0.1865678466796875,0.04885218200683594,0.04677051086425782,0.04709205932617188,0.16663117675781253,0.048133795166015625,0.20086524658203125,0.040387603759765626,0.033467874145507816,0.03959601135253907,0.04175006408691407,0.03573173217773437,0.04266314697265625,0.03587006530761719,0.033200375366210934,0.03349014892578125,0.04425147399902344,0.030807473754882814,0.03288944091796875,0.0335517333984375,0.03159220886230469
Op.HYPERELASTICITY.3D.P5.H200NVL,0.0885689792512,1.08093974609375,0.41907294921875005,1.18987578125,1.098188671875,0.3813138916015625,0.34409260253906254,0.440719287109375,1.0342081054687502,1.0924766601562501,0.40055546875,0.34685000000000005,1.0388956054687501,1.15041875,0.32194042968750003,0.3799764892578125,1.0984900390625,1.054852734375,1.02493857421875,0.46453837890625,0.328566259765625,0.440577490234375,0.9959780273437501,0.31511923828125,1.09037626953125,0.41371376953125005,1.1670201171875,0.5721561523437501,0.462691015625,0.511464404296875,0.511656201171875,0.500387548828125,0.51362470703125,0.623031396484375,0.5783684570312501,0.497339599609375,0.492491552734375,0.49868779296875,0.5836294921875,0.49088085937500003,0.532768408203125,0.6305057617187501,0.64753115234375,0.6348681152343749,0.594621337890625,0.5475676757812501,0.5112619140625,0.506321337890625,0.5436379882812501,0.671553564453125,0.61487255859375,0.5095826171875,0.5933882324218751,0.58938740234375,0.7162212890625,0.552575927734375,0.5263779296875,0.5101314941406251,0.507793896484375,0.5511427734375,0.519064990234375,0.673742236328125,0.74004404296875,0.654332470703125,0.63597958984375,0.580721435546875,0.49835483398437497,0.6978063476562499,0.5832521484375,0.5435943359375,0.537706494140625
Op.MASS.2D.P2.TITANV,7.396643863522207e-05,0.0001141759991645813,0.000132915198802948,0.00012267520427703858,0.00011622400283813476,0.00012544000148773194,0.00013015040159225464,0.00013578239679336548,0.00013557759523391726,0.0001183743953704834,0.00013434879779815673,0.00012615679502487183,0.0001291264057159424,0.00012267520427703858,0.0001509376049041748,0.00013076159954071047,0.00015564800500869752,0.00012974079847335814,0.00012031999826431275,0.0001365023970603943,0.00011755520105361939,0.0001276927947998047,0.00011376639604568481,0.00012768959999084472,0.00013424639701843262,0.00012738560438156128,0.0001328127980232239,0.00011786240339279175,0.0001316864013671875,0.0001247231960296631,0.0001545215964317322,0.0001299456000328064,0.00012001279592514039,0.00015011839866638184,0.00013056000471115112,0.00012216320037841796,0.00013025599718093873,0.0001257472038269043,0.00013547840118408204,0.00012083200216293336,0.00012359679937362671,0.00012789759635925294,0.00013537280559539793,0.00011550719738006592,0.00012728320360183714,0.00013076479434967042,0.00013015040159225464,0.00012922879457473755,0.00011980799436569215,0.00012881920337677003,0.0001265663981437683,0.00013721280097961426,0.00011663360595703125,0.0001275904059410095,0.0001316864013671875,0.0001304543972015381,0.00013250559568405153,0.00012328959703445435,0.00011274240016937257,0.00013230079412460328,0.00012667200565338136,0.0001171455979347229,0.0001281023979187012,0.00013578239679336548,0.00012072960138320924,0.00011878399848937989,0.00011253759860992432,0.00011683839559555053,0.0001324031949043274,0.00012380319833755492,0.00011868159770965576
Op.MASS.2D.P3.TITANV,0.0001350238308361409,0.0003079168081283569,0.00023203840255737305,0.0002672607898712158,0.00023193600177764893,0.0003306495904922485,0.0002559999942779541,0.0002743295907974243,0.000311244809627533,0.0002928639888763428,0.00024043519496917728,0.00021831679344177246,0.0002905087947845459,0.0002564095973968506,0.0002662400007247925,0.00024094719886779786,0.00030658559799194335,0.00022446079254150392,0.00030443520545959474,0.0002535423994064331,0.0002801664113998413,0.000274943995475769,0.00027832319736480714,0.00030607359409332274,0.0002486272096633911,0.000258355188369751,0.0003010560035705566,0.00025722880363464356,0.0002519040107727051,0.0002530303955078125,0.00028129279613494875,0.00026245119571685795,0.00026296319961547856,0.0002401279926300049,0.00027013120651245113,0.00032972800731658934,0.00029716479778289795,0.00029778239727020264,0.00024145920276641848,0.00027381761074066164,0.00026193919181823733,0.0003051520109176636,0.00033044478893280027,0.0003249151945114136,0.0002535423994064331,0.00023500800132751466,0.0002381824016571045,0.0002777087926864624,0.00031027200222015386,0.0002660336017608643,0.000303003191947937,0.00023388159275054932,0.00023388159275054932,0.00025712640285491944,0.0002731008052825928,0.0002987008094787598,0.0002396159887313843,0.0003108864068984986,0.00021872639656066894,0.00029009919166564943,0.0002935839891433716,0.00032655360698699955,0.00024934399127960204,0.00027893760204315187,0.0002532351970672607,0.00027351040840148925,0.0002564095973968506,0.0003032063961029053,0.00022650880813598635,0.0002442239999771118,0.0002671616077423096
Op.MASS.2D.P4.TITANV,0.00021856209833751917,0.00040079360008239744,0.0004250624179840088,0.00040161280632019044,0.0004909039974212647,0.0004487167835235596,0.00042536959648132325,0.0004434944152832031,0.0004571135997772217,0.0004880383968353271,0.0004798463821411133,0.0004694015979766846,0.00044892158508300783,0.0004241407871246338,0.0005123072147369386,0.0005319680213928223,0.0006532095909118653,0.000552345609664917,0.0005312511920928956,0.0003817471981048584,0.0004629504203796387,0.0004677103996276856,0.0005389311790466309,0.0006008831977844238,0.0007041024208068849,0.0003886080026626587,0.0007105535984039306,0.0005564415931701661,0.0005970943927764892,0.0005411839962005616,0.0004356095790863037,0.0005998591899871826,0.0005058559894561768,0.0005964767932891845,0.00040458240509033206,0.0004460544109344483,0.0005831183910369873,0.0008476160049438477,0.0005291007995605469,0.0004527103900909424,0.0003961855888366699,0.0004410367965698242,0.0005259263992309571,0.0005427215814590454,0.000589414405822754,0.00048752641677856447,0.0004244480133056641,0.0004026336193084717,0.0004037631988525391,0.0005073919773101807,0.0004619264125823975,0.0004448256015777588,0.0004739071846008301,0.0004930560111999512,0.0004285439968109131,0.0004695040225982666,0.0005009407997131348,0.0004552703857421875,0.000527512001991272,0.0003819519996643067,0.0006445055961608886,0.0005265408039093018,0.0005120527982711792,0.0005449728012084962,0.00042792959213256836,0.0004382719993591309,0.0005420032024383546,0.00039178240299224854,0.000562175989151001,0.0005955584049224853,0.0005007359981536865
Op.MASS.2D.P5.TITANV,0.00032458140171761105,0.000642252779006958,0.0006572031974792481,0.0006754303932189941,0.000705024003982544,0.0007265279769897462,0.0007619584083557129,0.0008050687789916993,0.000719871997833252,0.000758784008026123,0.0007856128215789795,0.0007117824077606201,0.00067706880569458,0.0007472127914428711,0.000880025577545166,0.0009333760261535644,0.0007313407897949219,0.0007442431926727296,0.0007749119997024537,0.0006990848064422608,0.000828825569152832,0.0007072239875793457,0.0007822336196899414,0.0007740416049957275,0.0008358928203582764,0.0010308095932006836,0.0007906303882598877,0.0007472127914428711,0.0007214079856872559,0.000813366413116455,0.0007631872177124024,0.0008168479919433594,0.0009226240158081055,0.000797491216659546,0.0007384064197540283,0.0007288832187652588,0.0008936448097229005,0.0011414527893066407,0.0009113584041595459,0.0007663616180419923,0.0008867903709411622,0.0008408063888549805,0.0008737792015075684,0.0007836671829223633,0.0010677248001098635,0.0007650303840637207,0.0007888895988464355,0.0007904255867004395,0.001246617603302002,0.000870911979675293,0.0009254912376403809,0.000923801612854004,0.0011223551750183104,0.0008540160179138183,0.0008900608062744141,0.0011552767753601075,0.0009530367851257324,0.001037104034423828,0.0009056256294250489,0.0012300288200378419,0.0007608816146850585,0.0009326080322265625,0.0008730624198913574,0.0011408384323120118,0.0008704000473022461,0.0008823296070098877,0.0008855551719665528,0.0008806400299072266,0.0012810239791870117,0.0009118720054626465,0.0006124560117721558
Op.MASS.2D.P6.TITANV,0.0005616720139130435,0.0010751999855041503,0.0013105151653289796,0.0010774527549743654,0.0010760191917419434,0.0009381888389587403,0.0010902527809143066,0.0011957263946533203,0.0010858495712280274,0.0009694208145141602,0.0013856767654418945,0.0012247040271759035,0.0011131392002105712,0.0010280960083007813,0.0011858943939208983,0.0012246511936187744,0.001188864040374756,0.001138432025909424,0.0016278528213500977,0.0016367616653442383,0.0013316096305847167,0.0013859840393066407,0.0020528127670288087,0.001600921630859375,0.0013111295700073242,0.0011695103645324707,0.001307033634185791,0.001359820795059204,0.0012807168006896972,0.0011469823837280274,0.0012959743976593018,0.0020561920166015627,0.0014458368301391601,0.0016732672691345215,0.0014541824340820314,0.0014402560234069823,0.001659596824645996,0.0014304256439208985,0.001188966417312622,0.0012387328147888184,0.0014690303802490235,0.001479475212097168,0.0012380160331726074,0.0013436927795410156,0.0015428607940673829,0.0014828543663024903,0.002248192024230957,0.0015193087577819824,0.0012137472152709962,0.0012300288200378419,0.001571020793914795,0.0013629440307617187,0.0018925567626953126,0.0018894847869873046,0.0012396016120910644,0.0012026368141174317,0.0011867136001586912,0.0015618047714233399,0.0011827199935913087,0.0012661760330200196,0.0017105888366699218,0.002092443180084228,0.0015987200260162353,0.0013359104156494142,0.001548902416229248,0.0015144960403442383,0.0022399999618530277,0.0012470272064208985,0.0016948223114013673,0.0020311552047729492,0.0012733440399169923
Op.MASS.2D.P7.TITANV,0.000919099659130435,0.002044211196899414,0.0016320496559143066,0.0016294400215148925,0.0017349632263183594,0.0013333503723144532,0.0016471040725708009,0.0017305599212646486,0.0014228480339050294,0.0017984512329101564,0.0017180671691894532,0.0014870528221130371,0.0017512447357177735,0.0017793024063110351,0.0014166015625,0.0016296448707580568,0.0019990528106689455,0.001687552070617676,0.0015179776191711425,0.0019792896270751956,0.0017470976829528809,0.001760767936706543,0.0017948671340942384,0.0021343231201171875,0.0017586175918579102,0.001764454460144043,0.0023739391326904296,0.002036684799194336,0.002268057632446289,0.002471014404296875,0.001813708782196045,0.002194534397125244,0.0015040512084960938,0.0022776832580566407,0.0018108927726745605,0.00229171199798584,0.0017059839248657227,0.0017333760261535646,0.002451456069946289,0.0019383839607238769,0.002677248001098633,0.002205081558227539,0.0022038528442382813,0.0016210432052612305,0.002347724723815918,0.002187775993347168,0.0022703104019165038,0.00202475528717041,0.0018827264785766602,0.002068889617919922,0.0018599935531616212,0.001983283233642578,0.0020443136215209964,0.0020858880043029783,0.001927987289428711,0.0016136192321777342,0.0020941823959350586,0.00204902400970459,0.0015696383953094483,0.0016644096374511719,0.0016761856079101562,0.001599385643005371,0.0015927295684814453,0.001663590431213379,0.00176312313079834,0.0018297855377197266,0.001790667247772217,0.0017935823440551756,0.0019956735610961915,0.0017075199127197264,0.0021214208602905273
Op.MASS.2D.P8.TITANV,0.0015044786086956523,0.0033211393356323243,0.0025417728424072267,0.002531942367553711,0.002605670356750488,0.0025423888206481935,0.0027738111495971677,0.0028462080001831055,0.0029758464813232424,0.0028774400711059573,0.002738688087463379,0.0025256447792053223,0.0024888320922851564,0.0028915712356567384,0.0029697023391723632,0.0036021759033203126,0.0026686464309692384,0.002694963264465332,0.003464089584350586,0.002920243263244629,0.0024850431442260744,0.0026200031280517577,0.003645439910888672,0.0032256000518798827,0.0026840063095092776,0.0025005056381225584,0.0033978351593017576,0.003644108772277832,0.004122009658813477,0.003207372856140137,0.0036271600723266602,0.003399833679199219,0.0033022945404052734,0.003361996841430664,0.0032128000259399416,0.0038542848587036133,0.00283811674118042,0.0029491200447082522,0.0028892160415649416,0.003215464019775391,0.0036286991119384767,0.004383843231201172,0.0032146944046020512,0.0029222911834716797,0.0031003648757934573,0.0028044800758361818,0.0029748752593994144,0.0033292289733886722,0.002897305679321289,0.002797619152069092,0.0037785598754882816,0.002888294410705567,0.0029746687889099124,0.0029148160934448246,0.0028025856018066408,0.0030297600746154786,0.00314091682434082,0.00336757755279541,0.002569625663757324,0.0026450943946838383,0.0026394623756408695,0.0025772031784057617,0.0027503616333007814,0.0028027392387390136,0.00270438404083252,0.0028719104766845704,0.002891468811035156,0.002510080051422119,0.002989209651947021,0.002528358459472656,0.002908160018920898
Op.LAPLACE.2D.P2.TITANV,7.396643863522206e-05,0.0001274880051612854,0.00014592000246047972,0.00011632640361785889,0.00012707840204238892,0.00012871680259704592,0.00014018559455871582,0.00012933119535446166,0.0001247231960296631,0.00012021759748458864,0.0001256448030471802,0.00012840960025787355,0.00013506560325622557,0.00012789759635925294,0.0001293280005455017,0.00013660160303115846,0.00014479360580444336,0.0001274880051612854,0.00011632640361785889,0.00013076479434967042,0.00013936640024185182,0.0001281023979187012,0.00012482559680938721,0.00013506560325622557,0.0001388543963432312,0.00012840960025787355,0.00012482559680938721,0.00013015040159225464,0.00012615679502487183,0.00012974079847335814,0.00013824000358581543,0.00012584960460662841,0.00013823039531707764,0.00013608959913253784,0.00012595200538635255,0.00012902400493621828,0.0001281023979187012,0.00013701119422912598,0.00012431360483169555,0.00014049600362777708,0.00013803520202636718,0.00012830719947814942,0.00013086719512939455,0.0001275904059410095,0.00013793280124664307,0.00012718080282211303,0.00011530239582061767,0.00012861440181732178,0.00012431360483169555,0.00012154879570007324,0.0001362944006919861,0.00012625919580459594,0.00011612160205841065,0.00012390400171279908,0.00012636159658432005,0.00012963839769363403,0.00012554240226745605,0.00012830719947814942,0.0001397760033607483,0.00012257280349731444,0.00012799999713897705,0.00012369920015335083,0.0001260543942451477,0.0001264639973640442,0.00013107199668884278,0.0001368064045906067,0.00013859999775886538,0.0001252351999282837,0.00013301759958267212,0.00013998080492019655,0.00014018559455871582
Op.LAPLACE.2D.P3.TITANV,0.00013502383083614092,0.0002405375957489014,0.00025815200805664063,0.0002940927982330323,0.00024545280933380126,0.0002845695972442627,0.00021406719684600832,0.0002888704061508179,0.00025221118927001954,0.00027586560249328614,0.00022804479598999023,0.00027013120651245113,0.00029777920246124267,0.00021575679779052735,0.000298905611038208,0.00024739840030670165,0.0002584575891494751,0.0002605056047439575,0.00021708800792694092,0.00029777920246124267,0.0002457632064819336,0.000270028805732727,0.000241049599647522,0.0002446336030960083,0.00023930881023406984,0.00029716479778289795,0.00028815360069274905,0.00027146239280700685,0.0002431999921798706,0.0002604032039642334,0.00024002559185028077,0.00026112000942230223,0.0002725888013839722,0.00023941121101379395,0.00032317440509796143,0.0002657279968261719,0.00025978879928588867,0.0003345407962799072,0.00024750080108642576,0.0003306495904922485,0.00021934080123901366,0.00024535040855407715,0.00024248321056365968,0.00025733120441436767,0.0002953216075897217,0.0002819072008132935,0.0002870271921157837,0.00021432321071624755,0.00022804479598999023,0.00025139039754867556,0.0002751487970352173,0.0002695168018341064,0.00026915839910507204,0.00029460480213165283,0.0002165760040283203,0.00024739840030670165,0.0002635776042938233,0.00021841919422149658,0.00029675519466400144,0.00029726719856262206,0.0002584575891494751,0.00024586238861083986,0.00024289278984069825,0.000294756805896759,0.00023992319107055666,0.00024002559185028077,0.00023603200912475586,0.0002436095952987671,0.00025661439895629883,0.00026818559169769284,0.00028549120426177977
Op.LAPLACE.2D.P4.TITANV,0.00021883325217391305,0.00036628479957580566,0.00036812479496002197,0.00045086722373962403,0.00037980160713195797,0.0004878335952758789,0.0004980735778808594,0.0004364287853240967,0.000469708776473999,0.000491929578781128,0.00041103358268737794,0.0004484096050262451,0.0003969023942947388,0.0004904960155487061,0.00042352638244628907,0.00040663042068481446,0.00048404479026794433,0.0004932608127593994,0.0004221951961517334,0.00044154877662658693,0.0004570112228393555,0.00041431040763854985,0.00043939838409423826,0.0004835328102111817,0.0004945919990539551,0.00041922559738159185,0.0004758528232574463,0.0005351424217224122,0.00044390401840209957,0.00041615362167358403,0.0004896768093109131,0.0004577280044555664,0.0004161503791809082,0.0005413887977600098,0.00042495999336242675,0.00045199360847473146,0.0004339712142944336,0.0004316160202026367,0.0005026847839355469,0.0005343232154846191,0.0005282815933227539,0.0004596735954284668,0.0004282368183135986,0.0004176896095275879,0.00048793601989746097,0.0004876287937164307,0.0004625408172607422,0.0005319680213928223,0.0004738016128540039,0.0003786751985549927,0.00036567039489746094,0.0003694591999053955,0.00041584639549255373,0.00043683838844299315,0.0004936704158782959,0.0004501503944396973,0.00048465919494628906,0.0004718592166900635,0.0005220352172851562,0.00045434880256652835,0.000501964807510376,0.0004222976207733155,0.00040325121879577634,0.00048240637779235843,0.0004899839878082275,0.00041850881576538086,0.00043376641273498533,0.00045885438919067385,0.0004552703857421875,0.00041646080017089846,0.00042485761642456054
Op.LAPLACE.2D.P5.TITANV,0.0004084887373913044,0.0005608943939208984,0.0005796864032745361,0.0005806079864501953,0.0006082560062408448,0.0006107135772705078,0.0006450175762176513,0.0006214655876159668,0.0006362112045288086,0.0006244351863861084,0.0008294400215148926,0.0006379519939422607,0.0006921216011047363,0.0006446080207824708,0.0006394879817962646,0.0007371776103973389,0.0006974976062774658,0.0007218175888061523,0.0006706175804138183,0.0007528448104858398,0.0006648831844329834,0.0007034880161285401,0.0006744063854217529,0.0007027711868286133,0.0007065599918365478,0.0007006207942962647,0.0006466559886932373,0.0007473152160644531,0.0006173167943954468,0.0007584255933761597,0.000704918384552002,0.0007782400131225586,0.0007078911781311035,0.0007772160053253174,0.0008071167945861817,0.000747876787185669,0.0007620607852935791,0.0007821311950683594,0.0007406559944152832,0.0006964223861694337,0.0007181312084197999,0.0007886847972869873,0.0007780352115631104,0.0008133631706237793,0.0008189951896667481,0.0007371776103973389,0.0009732095718383789,0.0005789696216583252,0.0005654528141021729,0.0005814271926879883,0.0006445055961608886,0.0006105088233947754,0.0006177792072296143,0.000608460807800293,0.0006351871967315674,0.0006300672054290772,0.0008024064064025879,0.0006346224069595337,0.0006482944011688232,0.0006849519968032837,0.0006341631889343263,0.0007371776103973389,0.0007001088142395021,0.0007271423816680909,0.0006601727962493897,0.0006586352109909058,0.0007520256042480469,0.0006747136116027832,0.0006540287971496582,0.0007018496036529542,0.000746291208267212
Op.LAPLACE.2D.P6.TITANV,0.0008510182028985507,0.0010365951538085939,0.0011643903732299805,0.0011628543853759766,0.0011897855758666994,0.0012346367835998535,0.0011090944290161134,0.0010815487861633303,0.0011489279747009277,0.0010943488121032713,0.0011095040321350098,0.0011699199676513672,0.0011357184410095216,0.0011316191673278809,0.001134182357788086,0.001064038372039795,0.0012076031684875488,0.0010829824447631834,0.0011300864219665528,0.0010796031951904297,0.001115132761001587,0.001177292823791504,0.0012094464302062988,0.0013263360023498534,0.0012993535995483398,0.0012309503555297853,0.0011631631851196289,0.0011986432075500489,0.0012311552047729493,0.0011613183975219727,0.001198796844482422,0.001266585636138916,0.001110630416870117,0.0013622784137725828,0.001136128044128418,0.0011067392349243164,0.001358131217956543,0.0011825152397155763,0.0011849727630615235,0.0013245439529418945,0.0012429311752319336,0.0011518976211547852,0.0010322943687438965,0.0011719679832458496,0.0012273664474487305,0.0011637760162353517,0.0010883071899414063,0.001122815990447998,0.001103667163848877,0.0011003904342651368,0.0011829216003417969,0.0011444736003875732,0.0011353088378906252,0.0011769856452941894,0.001071513557434082,0.0011380736351013184,0.0011173888206481935,0.0011834367752075194,0.0011385855674743654,0.0012102656364440917,0.0011229184150695801,0.0010879487991333008,0.0013211647987365722,0.0012189696311950685,0.001087284803390503,0.0012006400108337404,0.0013014016151428223,0.0012347392082214354,0.001174015998840332,0.0012692480087280274,0.001170022392272949
Op.LAPLACE.2D.P7.TITANV,0.0014442994643478263,0.0016937968254089357,0.0016993280410766603,0.0016627647399902344,0.0015871472358703613,0.001640345573425293,0.0016842752456665041,0.0017345535278320313,0.001702297592163086,0.0017638399124145507,0.0017139711380004883,0.0018484224319458007,0.0017760255813598633,0.0018781695365905763,0.0018514944076538087,0.001953894424438477,0.0018579456329345704,0.001963315200805664,0.0018908159255981445,0.00215152645111084,0.0017585151672363283,0.0022067199707031253,0.0021719039916992186,0.0023308288574218753,0.0021824000358581543,0.0022146047592163085,0.0021190656661987306,0.0022001664161682127,0.0023391231536865234,0.002234777641296387,0.002139340782165527,0.002044927978515625,0.002084966468811035,0.001843609619140625,0.0018103296279907226,0.0019580928802490232,0.0019330047607421874,0.0020303872108459473,0.0017996799468994141,0.001966489601135254,0.0019105791091918944,0.0016507904052734375,0.0015956992149353027,0.0016901631355285645,0.0016352767944335937,0.0017105920791625976,0.0017459199905395508,0.0019380224227905274,0.0017611776351928712,0.002306252861022949,0.0020980719566345216,0.0019349488258361817,0.0017563648223876953,0.002075340843200684,0.002103398323059082,0.0022970367431640625,0.0021201919555664064,0.0018519039154052735,0.0020549119949340817,0.0018107903480529786,0.001802137565612793,0.0019273727416992189,0.0017147903442382812,0.0017084415435791016,0.0017649663925170898,0.00172410888671875,0.0018065936088562011,0.0018388992309570315,0.0018361343383789062,0.001840230369567871,0.0022169583320617676
Op.LAPLACE.2D.P8.TITANV,0.0022977491478260873,0.004136295890808106,0.003340185546875,0.004141670227050781,0.0033339393615722654,0.003300864028930664,0.003349964904785156,0.0028902399063110355,0.003224524879455567,0.0031316479682922367,0.003041897583007812,0.004811980819702149,0.0033505279541015624,0.0030922752380371094,0.004193483161926269,0.0031075328826904295,0.0035182590484619143,0.003120128059387207,0.002988288021087647,0.0031030271530151365,0.0034302974700927734,0.0031076351165771486,0.0027336704254150392,0.0026529791831970215,0.003788595199584961,0.0028348927497863774,0.002494259262084961,0.002604953575134277,0.0033411582946777344,0.004242329788208008,0.0041320449829101566,0.003378432083129883,0.0036094463348388672,0.0030419967651367187,0.0030810111999511718,0.004217446517944336,0.0028366847991943356,0.0031767039299011235,0.003369983863830566,0.0028775423049926755,0.0030522367477416996,0.0031346176147460936,0.0026893824577331545,0.0034369535446166994,0.002556518363952637,0.0026281984329223633,0.003404083251953125,0.0033602048873901365,0.0030438400268554687,0.0031013887405395507,0.0034333168029785158,0.003127244853973389,0.0033376768112182618,0.0034262527465820313,0.0031923727989196776,0.003254988861083985,0.0024183295249938968,0.002530508804321289,0.0029459967613220213,0.002673049545288086,0.0041449470520019535,0.0030472192764282226,0.003071232032775879,0.0029466111183166503,0.00298275842666626,0.0026696176528930664,0.0026382335662841795,0.0028089856147766115,0.0027499519348144533,0.002794393539428711,0.003229183959960937
Op.HELMHOLTZ.2D.P2.TITANV,7.396643863522206e-05,0.00011571199893951416,0.00012871680259704592,0.00014499839544296263,0.0001282047986984253,0.00014807039499282836,0.00014049279689788818,0.00014039039611816407,0.00013619199991226198,0.00012554240226745605,0.00012840960025787355,0.00014540799856185913,0.00016752640008926392,0.0001228800058364868,0.00015687680244445802,0.000146943998336792,0.00014632960557937622,0.00013752319812774657,0.00012451839447021485,0.000160153603553772,0.0001291264057159424,0.00012677119970321655,0.00011601920127868652,0.00013793280124664307,0.0001351680040359497,0.00014714879989624025,0.00012943359613418578,0.00012615679502487183,0.00014079999923706055,0.00012308160066604615,0.00014459199905395508,0.00014940160512924195,0.00012584960460662841,0.00015523840188980104,0.00013742079734802246,0.000146943998336792,0.00016824320554733278,0.0001504256010055542,0.00016209919452667238,0.00014469120502471925,0.0001539072036743164,0.00017408000230789185,0.00016506880521774292,0.0001265663981437683,0.00014520319700241088,0.00013916159868240357,0.00014714879989624025,0.00013352960348129273,0.00014673919677734377,0.00017469760179519652,0.00015472639799118043,0.00016783360242843628,0.0001274880051612854,0.00014663679599761964,0.00013998080492019655,0.00013434879779815673,0.00014868479967117309,0.00013742079734802246,0.00011427839994430542,0.0001276927947998047,0.000144486403465271,0.00012451839447021485,0.00016752640008926392,0.00015421439409255984,0.00012175359725952149,0.00012410880327224733,0.0001154047966003418,0.00012595200538635255,0.00012953599691390992,0.0001230847954750061,0.0001264639973640442
Op.HELMHOLTZ.2D.P3.TITANV,0.00021883325217391305,0.00026501119136810306,0.00026746881008148196,0.0002653183937072754,0.00031406080722808837,0.00030986239910125735,0.0003117055892944336,0.00029173760414123533,0.00031416320800781253,0.0003369983911514282,0.00032706561088562017,0.00030648319721221924,0.0003697664022445679,0.0003463167905807495,0.0003221472024917603,0.0003250175952911377,0.0003341311931610108,0.000321945595741272,0.00034908161163330076,0.00031191039085388185,0.0003320832014083862,0.0003338239908218384,0.0003766272068023682,0.00035000319480895997,0.0003369983911514282,0.00034887681007385253,0.0003347455978393555,0.0004031487941741944,0.0003889152050018311,0.00032563199996948243,0.0003788800001144409,0.0003859456062316895,0.00037119998931884766,0.00036126720905303955,0.0003667968034744263,0.0003401727914810181,0.0003338239908218384,0.0002631680011749268,0.0002671616077423096,0.00027156479358673096,0.00031641600131988526,0.000306278395652771,0.00029511680603027345,0.00031385600566864014,0.0003076096057891846,0.0003407359957695007,0.00034007039070129395,0.00034908320903778077,0.0003217407941818237,0.00032430078983306887,0.0003306495904922485,0.0003290112018585205,0.0003249151945114136,0.0003724287986755371,0.000308735990524292,0.00032665600776672366,0.0003033087968826294,0.0003387392044067383,0.000384716796875,0.0003176448106765747,0.00030996479988098147,0.00031877119541168214,0.0003752959966659546,0.0003472383975982666,0.00037969920635223385,0.0003686367988586426,0.00033648641109466557,0.0003794463992118836,0.00039137439727783205,0.00036146879196166995,0.000364851188659668
Op.HELMHOLTZ.2D.P4.TITANV,0.0004376665043478261,0.00046290478249430057,0.00048660478591918945,0.0005521408081054687,0.0006899199962615966,0.0005724160194396972,0.0007214079856872559,0.0006022143840789796,0.0006627327919006348,0.0005535744190216064,0.000586240005493164,0.000800972843170166,0.0005661695957183837,0.0006039552211761475,0.0007062528133392334,0.0006150144100189209,0.0006310912132263184,0.0007843840122222901,0.0006176767826080323,0.0005661695957183837,0.0008518655776977539,0.0005682176113128662,0.0007904799938201905,0.0004817920207977295,0.00047020897712929003,0.0005775360107421875,0.0006815743923187257,0.0007120895862579346,0.0005542912006378174,0.0005803008079528809,0.0005510144233703613,0.0006651904106140137,0.0006074368000030518,0.000619928002357483,0.0006035456180572509,0.0005698560237884521,0.0006283264160156251,0.0007949312210083009,0.0007112703800201416,0.000777625608444214,0.0005646336078643799,0.0007798783779144287,0.0005720064163208008,0.0006209536075592042,0.0008458239555358887,0.0004885503768920898,0.0005887471914291382,0.0005694464206695556,0.0005844992160797119,0.000577843189239502,0.0005938176155090332,0.0006715392112731934,0.000691916799545288,0.0006782976150512695,0.0004647935867309571,0.0005657599925994873,0.0005880832195281982,0.0005276671886444092,0.0005603328227996826,0.0005810175895690918,0.00052674560546875,0.0005645295858383179,0.0005207039833068848,0.000525209617614746,0.0005684224128723144,0.00048220157623291016,0.0005899263858795167,0.000642252779006958,0.0005639680147171021,0.0005663743972778321,0.0005901311874389649
Op.HELMHOLTZ.2D.P5.TITANV,0.0009573954782608696,0.00102292160987854,0.0010361856460571288,0.0010802176475524902,0.0011411456108093262,0.0011107295989990233,0.0011166720390319825,0.0012792832374572754,0.0011705872058868408,0.0010537983894348144,0.0011232255935668945,0.0012590591907501222,0.0012607487678527832,0.0014326784133911132,0.0013140992164611817,0.0012470272064208985,0.001009868812561035,0.0010827775955200196,0.0010900480270385742,0.0011446784019470216,0.0012938240051269532,0.0011611136436462401,0.0011111424446105958,0.0011128831863403321,0.0011148287773132324,0.0010457088470458985,0.0012549119949340822,0.0012623871803283692,0.00131778564453125,0.0014384127616882325,0.0012449728012084963,0.0010465279579162598,0.0011229184150695801,0.001142630386352539,0.0012794879913330078,0.00114170880317688,0.0012739583969116211,0.0014359552383422852,0.0013118464469909668,0.0013002752304077149,0.0009870335578918456,0.001065574359893799,0.001153433609008789,0.0011593728065490722,0.0012348400115966796,0.0012470272064208985,0.0011960320472717285,0.0011899904251098633,0.0011141119956970217,0.0011851776123046876,0.0013415424346923828,0.0014070783615112306,0.001318502426147461,0.0009980928421020508,0.0011312128067016603,0.0010629119873046876,0.0012562432289123535,0.001177292823791504,0.0012012543678283692,0.0012092415809631348,0.001263923168182373,0.0011223039627075194,0.0011927552223205567,0.001426534366607666,0.0013583871841430664,0.0013347840309143066,0.0010299903869628907,0.0011100159645080568,0.001135206413269043,0.0012705792427062988,0.001278873634338379
Op.HELMHOLTZ.2D.P6.TITANV,0.0016850160417391303,0.001828282168707678,0.0019722752571105957,0.001785651206970215,0.0018302239899320473,0.001741107177734375,0.0017689884934045483,0.0019533824920654297,0.0019959808349609377,0.0017514495849609375,0.0018098175048828124,0.001761628889123363,0.0018783215522766114,0.0017844728678671389,0.002067660713195801,0.001806387233734131,0.0020174848556518557,0.0017452032089233399,0.0017764863967895507,0.0017752336605716607,0.0017892487269377056,0.0017599863621725292,0.0022607872009277347,0.0019300352096557618,0.0022803967475891113,0.0017398784637451172,0.0019467776298522951,0.0017874959945678713,0.00227010555267334,0.002225152015686035,0.0022434816360473635,0.0020435968399047854,0.002094697570800781,0.0018596864700317385,0.0017687966105329072,0.002093875122070313,0.0018309120178222657,0.0017803264617919923,0.00205035514831543,0.0018009584426879883,0.0017695743560791016,0.0018313211291415001,0.0019663871765136717,0.0017513983726501466,0.0022996992111206055,0.0017388031959533691,0.001812940788269043,0.0023219200134277345,0.0019718143463134767,0.00176312313079834,0.002310348892211914,0.0022674943923950194,0.0022819327354431152,0.0017951744079589844,0.0018937856674194336,0.001965670394897461,0.001761894416809082,0.0021007888793945313,0.0019678207397460937,0.0020019199371337894,0.001958451175689697,0.0018388992309570315,0.0018496511459350586,0.002076057624816895,0.001880729579925537,0.002410752010345459,0.0019062784194946289,0.002434355163574219,0.002115481567382813,0.001939251136779785,0.001746995258331299
Op.HELMHOLTZ.2D.P7.TITANV,0.0027572989773913047,0.002889353495276492,0.0029926940471085755,0.002904908357830931,0.0029743484095225954,0.002918604850769043,0.0028886543012180796,0.002928130662318048,0.002958511880259681,0.003014348793029785,0.002942978906894951,0.0030277631759643552,0.002947275257110596,0.002880614471435547,0.0031028224945068364,0.0030552064895629887,0.002956185531616211,0.0030946304321289066,0.002918502426147461,0.0036332542419433597,0.0034778110504150393,0.00301265754699707,0.0035858943939208986,0.003426150321960449,0.003340697479248047,0.0034748416900634766,0.003609857749938965,0.0031367168426513674,0.003100160026550293,0.003346993446350098,0.003102310371398926,0.003448320007324219,0.003135639953613281,0.0032060928344726566,0.0033130496978759764,0.002993378388834647,0.002980956149453349,0.002912152769066477,0.0029150387787539502,0.0029189646541596835,0.0030656511306762697,0.0031300095558166505,0.002912972831726074,0.003636479949951172,0.0034714622497558595,0.00295664644241333,0.0031120384216308593,0.0033380863189697266,0.00359736328125,0.003140249538421631,0.003460095977783203,0.0031708672523498536,0.0033346048355102536,0.0029478885121822533,0.002872520372961249,0.0028744817876848955,0.002910318644173257,0.002914635763710233,0.0029099617724543483,0.002947227586309762,0.0029069311141967777,0.002892185592651367,0.003059609603881836,0.002975284767150879,0.002955724811553955,0.003049878311157227,0.0030321664810180663,0.0034655231475830077,0.0034495487213134766,0.0035182590484619143,0.0032974849700927737
Op.HELMHOLTZ.2D.P8.TITANV,0.004513435826086957,0.005389311981201172,0.005621504020690918,0.006298777580261231,0.005424537658691406,0.005888614273071289,0.005184614562988282,0.005381427383422851,0.005432524871826172,0.005150207901000977,0.0056521728515625,0.005312716674804688,0.005312720108032226,0.004877260642836666,0.0049796096801757814,0.006240102386474609,0.004756695449879632,0.0058439167022705085,0.00479635265447936,0.004840614535642532,0.00477573127746582,0.006499072265625,0.00539535369873047,0.005665892791748046,0.005445222473144531,0.005176780700683593,0.005216665458679199,0.005431596755981445,0.0054759422302246095,0.005920767974853516,0.00569036808013916,0.005335039901733399,0.0053421054840087885,0.005580697441101074,0.0074541053771972655,0.00549488639831543,0.005680537605285645,0.005747148895263672,0.004849663925170899,0.004871779251098633,0.007722803497314454,0.004812390518188477,0.004922982406616211,0.005686937522888184,0.00574520320892334,0.007709286499023437,0.005470207977294922,0.005727078437805176,0.005726617431640625,0.004804423344036697,0.004723244651981831,0.004714451846673922,0.004956262588500977,0.0061407230377197265,0.004881100845336914,0.0061266944885253905,0.0061821952819824215,0.004830759697219694,0.004747878456115723,0.004801638412475586,0.0064455680847167966,0.004711884880065917,0.004917964935302734,0.004979455947875976,0.005677772712707519,0.005613363075256348,0.005403340911865234,0.006510131072998047,0.005222758293151855,0.0056655359268188476,0.005527248001098633
Op.ELASTICITY.2D.P2.TITANV,0.00011258053084716693,0.0002480128049850464,0.00026460158824920656,0.00024217600822448731,0.000260915207862854,0.00024258239269256594,0.00027350879907608037,0.00024586238861083986,0.000260096001625061,0.00024535040855407715,0.00024135680198669436,0.0002832368016242981,0.0002747391939163208,0.0002702336072921753,0.0002821120023727417,0.00025077760219573977,0.00027176959514617924,0.00026265599727630617,0.000241049599647522,0.0002436095952987671,0.00027064321041107175,0.0002810879945755005,0.00024258561134338382,0.0002441215991973877,0.00025006079673767093,0.0002826240062713623,0.00024350719451904297,0.0002457600116729736,0.00025917439460754394,0.0002697216033935547,0.0002753535985946655,0.00024289278984069825,0.00024483840465545654,0.0002628607988357544,0.00026122241020202635,0.000245964789390564,0.0002484224081039429,0.000248524808883667,0.0002616352081298828,0.00024483840465545654,0.0002465791940689087,0.0002476032018661499,0.00024023039340972902,0.00024545280933380126,0.0002656255960464478,0.00023920640945434573,0.0002406399965286255,0.00024483840465545654,0.000258460807800293,0.00024258561134338382,0.00025733120441436767,0.0002677759885787964,0.00024104640483856203,0.00024381439685821534,0.00023879680633544922,0.00024545280933380126,0.00025927679538726805,0.0002699264049530029,0.0002603008031845093,0.0002598912000656128,0.0002457600116729736,0.00024381439685821534,0.0002443264007568359,0.00024043519496917728,0.00024381439685821534,0.0002581504106521607,0.0002419712066650391,0.0002460671901702881,0.00026296319961547856,0.0002606080055236816,0.00024217600822448731
Op.ELASTICITY.2D.P3.TITANV,0.00022184897462297086,0.0004688896179199219,0.000520908784866333,0.000475648021697998,0.00047626237869262693,0.0005459439992904663,0.0004682736158370972,0.0005449728012084962,0.0004782080173492432,0.0005050367832183838,0.0004891647815704346,0.0005240831851959229,0.0005416992187500001,0.0004547584056854248,0.0005594111919403076,0.00047441601753234864,0.0005387263774871827,0.0004998144149780274,0.00047575039863586427,0.0005626896142959595,0.0005211135864257812,0.0005468160152435303,0.0004980735778808594,0.0004902384042739868,0.000475648021697998,0.0005613567829132081,0.0005602303981781006,0.0005590015888214112,0.0004803584098815918,0.0005197824001312256,0.0005050367832183838,0.000510975980758667,0.0005300223827362061,0.0004967423915863037,0.0005866496086120606,0.0005436416149139405,0.0005256192207336426,0.0005746687889099122,0.0005222400188446045,0.000582144021987915,0.0004710400104522705,0.0004764671802520752,0.0004622335910797119,0.0005184512138366699,0.00047451839447021485,0.000542412805557251,0.0005406720161437988,0.0004675583839416504,0.0004887551784515381,0.0004760575771331787,0.0005008368015289306,0.0005182432174682618,0.0005406720161437988,0.0005592063903808594,0.0004530176162719727,0.0004707327842712402,0.000497049617767334,0.0004786176204681397,0.000558899211883545,0.0005402624130249023,0.0005287936210632325,0.0005095424175262451,0.0005170176029205322,0.0005599232196807862,0.0005051392078399658,0.0004972544193267822,0.0004701183795928955,0.00048793601989746097,0.0005157887935638428,0.0005521408081054687,0.0005554175853729248
Op.ELASTICITY.2D.P4.TITANV,0.0003728678447828484,0.0007755264043807983,0.0007153664112091065,0.0008443903923034668,0.0009580544471740724,0.0008337408065795898,0.0009065471649169922,0.0007659520149230957,0.0008111104011535644,0.0008598527908325195,0.0008509440422058105,0.0007886847972869873,0.0008657919883728027,0.000796672010421753,0.0008208383560180664,0.00108472318649292,0.0008406047821044922,0.000992972755432129,0.0008659968376159668,0.0008319999694824219,0.0009862144470214845,0.0008453120231628418,0.0008483839988708496,0.000951910400390625,0.0010861472129821777,0.0007658495903015137,0.0007184383869171143,0.0009542655944824219,0.0009111552238464356,0.0008424448013305665,0.0008336383819580078,0.000809011173248291,0.0007714800119400024,0.0008584192276000978,0.0008480768203735352,0.0009870335578918456,0.0008388095855712892,0.000861081600189209,0.0010751999855041503,0.0008119296073913575,0.0007994368076324463,0.000820736026763916,0.0008623104095458984,0.0009775103569030761,0.0010761216163635255,0.0008484864234924316,0.0008446975708007813,0.0009545727729797363,0.0008301535606384278,0.0007204864025115966,0.0008408063888549805,0.0008175616264343261,0.000754585599899292,0.0007969823837280273,0.0007841792106628419,0.0007872511863708496,0.0007753727912902833,0.0008265727996826172,0.0008337408065795898,0.0008293375968933106,0.0008252415657043457,0.0007191024065017701,0.0008262656211853028,0.0008462335586547851,0.000759500789642334,0.0008018943786621093,0.0007793663978576661,0.0007922688007354737,0.0007872511863708496,0.0008302592277526856,0.0008349696159362793
Op.ELASTICITY.2D.P5.TITANV,0.0005656369807485452,0.001215897560119629,0.0011970560073852538,0.0011776000022888184,0.0012691455841064455,0.0012408831596374512,0.0013058048248291018,0.0013780991554260254,0.0014436863899230956,0.0013623807907104492,0.001413375997543335,0.0014746623992919923,0.001516646385192871,0.0014509056091308594,0.0015537152290344238,0.0011416064262390136,0.001178828811645508,0.0012216320037841796,0.0012734463691711426,0.0012395520210266113,0.001377791976928711,0.0013039615631103517,0.0013614080429077149,0.0014462960243225098,0.001405900812149048,0.001450444793701172,0.0014690303802490235,0.0015241215705871583,0.0015485952377319336,0.0015346688270568847,0.001604198455810547,0.0011396096229553223,0.0012225536346435546,0.0011566080093383788,0.0012147711753845215,0.001245798397064209,0.001350553607940674,0.0012897279739379883,0.00142489595413208,0.0013883392333984374,0.0014144512176513674,0.0014689279556274416,0.0014490624427795412,0.0014585824012756348,0.001469644832611084,0.0011495424270629884,0.0011629568099975588,0.0012307456016540529,0.0012502528190612792,0.0012189696311950685,0.001361100769042969,0.00129684476852417,0.0014266367912292481,0.0014394880294799806,0.001396686363220215,0.0014666751861572265,0.0014756863594055176,0.0014855168342590333,0.0014698495864868164,0.0012232719898223878,0.001277952003479004,0.00131778564453125,0.0012686335563659669,0.0012464127540588379,0.001409331226348877,0.0013036543846130372,0.0014177280426025392,0.0014004223823547363,0.0014227456092834473,0.0014400511741638185,0.0014677504062652587
Op.ELASTICITY.2D.P6.TITANV,0.0010531840000000002,0.0023420927047729492,0.002216652870178223,0.002166886329650879,0.0021210111618041993,0.0021630975723266606,0.0024160255432128905,0.0023541759490966797,0.0021093888282775882,0.0023249919891357423,0.00241213436126709,0.0023614463806152343,0.002528870391845703,0.002566348838806152,0.0024327680587768554,0.002189004802703858,0.002313420867919922,0.0021757951736450197,0.0021368831634521485,0.0021811199188232423,0.0021312511444091797,0.002431078338623047,0.002375475120544434,0.0023417856216430668,0.0024345088005065917,0.0025428479194641116,0.0023839744567871095,0.0025884672164916992,0.002449920082092285,0.0019991552352905274,0.0019542031288146975,0.0021179391860961915,0.0020242943763732913,0.0022661119461059574,0.0021367807388305666,0.0020452352523803712,0.0024683519363403322,0.0023476224899291994,0.0020451328277587893,0.0024704000473022465,0.0026635775566101073,0.002269081687927246,0.0023298048019409177,0.0027052032470703128,0.0024419328689575196,0.0023822848320007323,0.002694092845916748,0.0024422399520874025,0.002746879959106445,0.0025014272689819336,0.0020165632247924805,0.0019365888595581056,0.0021433343887329102,0.0020993024826049807,0.002163507270812988,0.0022907391548156737,0.0020653055191040036,0.002067558479309082,0.0023658592224121097,0.00249354248046875,0.002283310413360596,0.002396467208862305,0.002732339286804199,0.0024643583297729492,0.002348748779296875,0.002782156848907471,0.0025226240158081055,0.002461388778686524,0.0025084928512573244,0.0026894336700439454,0.0027458560943603516
Op.ELASTICITY.2D.P7.TITANV,0.001750186666666667,0.004314214324951172,0.0037545982360839844,0.0037737472534179685,0.00324505615234375,0.003078656005859375,0.003064524841308594,0.0032911327362060545,0.003199179172515869,0.0031516160011291505,0.0029961215972900395,0.0032607200622558593,0.0032071678161621096,0.00329671688079834,0.003346944046020508,0.0032785408020019535,0.0039217679977417,0.0039650302886962896,0.003353036880493164,0.0039571983337402345,0.0039145488739013665,0.003271062469482422,0.0035558399200439454,0.003434086227416992,0.003304550552368164,0.003411763381958008,0.0029899776458740235,0.003080396842956543,0.003495935821533203,0.0031647232055664063,0.0032630271911621095,0.003819110488891602,0.0034226177215576172,0.003213772773742676,0.003198259162902832,0.004412924957275391,0.004727603340148926,0.004147711944580078,0.004076953506469726,0.004135935974121094,0.0032884735107421873,0.003616716766357422,0.003608678436279297,0.003356159973144531,0.00359290885925293,0.003335116767883301,0.003242393493652344,0.003369676971435547,0.00309616641998291,0.003442483329772949,0.003600230407714844,0.0038255615234375003,0.0033003520965576173,0.0035538944244384767,0.003380633544921875,0.003703552055358887,0.003359129524230957,0.003566284942626953,0.003741798400878906,0.004343807983398437,0.004495155334472656,0.004375654220581055,0.003594700813293457,0.0041596927642822265,0.0037784576416015625,0.0033818111419677737,0.004113817596435547,0.004417228698730469,0.004511740875244141,0.004164096069335938,0.004333516883850097
Op.ELASTICITY.2D.P8.TITANV,0.002743210666666667,0.006526976013183593,0.006487757110595704,0.005886975860595703,0.006021120071411133,0.00649169921875,0.006224998474121094,0.006561587524414062,0.00589486083984375,0.0053955585479736334,0.005612800025939942,0.005949132919311524,0.005350502395629883,0.007103692626953125,0.005765120124816895,0.00754677734375,0.0054564865112304685,0.006783999633789063,0.005399347305297852,0.0063435264587402345,0.0054625278472900385,0.006004224014282227,0.005962444686889649,0.005551206588745117,0.006220800018310547,0.0069816322326660156,0.005944831848144531,0.006046511840820313,0.006204006576538086,0.00622295036315918,0.005957120132446289,0.006164582443237305,0.005542092704772949,0.006139184188842774,0.006290227127075196,0.004245811080932617,0.004806553649902344,0.0049687553405761715,0.0047511552810668945,0.005326540756225586,0.005005055999755859,0.005778534507751465,0.005592115211486817,0.005442867279052735,0.005541068649291992,0.005703526306152344,0.005147135925292969,0.006399232101440429,0.00582348804473877,0.005325516891479492,0.00561587200164795,0.0060697601318359376,0.005234073638916016,0.004815049743652344,0.00546170883178711,0.005224448013305664,0.005172121620178223,0.006218854522705078,0.005437337493896484,0.005114060974121094,0.0066630657196044924,0.004604927825927734,0.0054425537109375,0.008007679748535158,0.005366476821899414,0.007216742706298828,0.006154649734497071,0.006577151870727539,0.007313510131835938,0.006236671829223633,0.006483916854858399
Op.HYPERELASTICITY.2D.P2.TITANV,0.00014609066666666667,0.0002704384088516235,0.00035041279792785647,0.00031354880332946775,0.0002766815900802612,0.00037509279251098635,0.00033218560218811034,0.00039045119285583497,0.00038983678817749025,0.00030453760623931885,0.0003056639909744263,0.00032122879028320314,0.0003758080005645752,0.0003156991958618164,0.0003978240013122559,0.0003185663938522339,0.0003956736087799072,0.0003320832014083862,0.00029777920246124267,0.0003909631967544556,0.0002774015903472901,0.00034273281097412113,0.00026900479793548585,0.0003858432054519653,0.00038533120155334475,0.00032389121055603027,0.00030208001136779785,0.0002988032102584839,0.0003327039957046509,0.00031027200222015386,0.0003862528085708618,0.00032276480197906493,0.0002957312107086182,0.0003870719909667969,0.0003345407962799072,0.0003390464067459106,0.0003779583930969238,0.0003763200044631958,0.00039024639129638675,0.0003217407941818237,0.0003699712038040161,0.00039423999786376954,0.000369868803024292,0.0002826240062713623,0.00031344640254974364,0.00032419838905334476,0.0003411967992782593,0.000335152006149292,0.00027402238845825196,0.000316211199760437,0.00032645120620727544,0.00033587200641632084,0.0003437567949295044,0.00032378880977630616,0.0003974143981933594,0.00037365760803222657,0.00037345280647277834,0.00032573440074920655,0.0002728960037231445,0.0003271680116653443,0.00036669440269470217,0.00032317440509796143,0.0003653631925582886,0.00038062078952789307,0.0003352576017379761,0.00031385600566864014,0.0002770944118499756,0.00032818880081176763,0.00033259520530700684,0.0003468287944793701,0.0003235840082168579
Op.HYPERELASTICITY.2D.P3.TITANV,0.000518656,0.0007771135807037354,0.0009396224021911621,0.0009020416259765625,0.0010117119789123535,0.0009409536361694337,0.001037721633911133,0.0010419199943542481,0.0010323936462402344,0.0010692607879638672,0.0010526720046997071,0.0011190288066864015,0.0010898431777954102,0.0007788544178009034,0.0009125887870788574,0.0009475071907043458,0.0010480640411376953,0.0009469951629638672,0.0010165247917175294,0.0010421248435974122,0.0010483712196350096,0.0010807295799255372,0.0010656239986419679,0.0011018239974975585,0.001127628803253174,0.0007258111953735351,0.0009550848007202149,0.0009748479843139648,0.0010513407707214355,0.000970751953125,0.001035264015197754,0.0010561535835266114,0.001011507225036621,0.0010899456024169923,0.0010868736267089845,0.0011023360252380371,0.001065676784515381,0.0007272448062896728,0.0009674752235412598,0.0009878527641296387,0.0010450943946838378,0.0010639360427856445,0.0009797632217407226,0.001069259214401245,0.0010247680187225343,0.0011006976127624513,0.0011015168190002442,0.0011199471950531007,0.0010782719612121583,0.0008837120056152343,0.0011317248344421386,0.0011447808265686035,0.0012221440315246582,0.0012132351875305176,0.001215491199493408,0.001251788806915283,0.0012995583534240723,0.0012530688285827636,0.001267916774749756,0.0009013248443603516,0.001161830425262451,0.0011486207962036132,0.0012412927627563476,0.0012323840141296386,0.0012351488113403319,0.0012708864212036134,0.0012869631767272948,0.0012718048095703126,0.0013197296142578125,0.0009064448356628418,0.0010528767585754396
Op.HYPERELASTICITY.2D.P4.TITANV,0.0014063786666666668,0.0034039806365966795,0.003607036781311035,0.003490304183959961,0.003317555236816406,0.003067083168029785,0.0029514239311218262,0.0030708736419677732,0.0033133567810058593,0.003295948791503906,0.003267689514160156,0.0033168384552001956,0.0030947328567504885,0.0035304447174072267,0.003547750473022461,0.003371366500854492,0.0036235774993896483,0.003386470413208008,0.003374847984313965,0.0032748542785644534,0.0036205055236816406,0.003409100723266602,0.003593320083618164,0.0036886528015136716,0.0018699776649475097,0.002749440002441406,0.002516735935211182,0.002361958312988281,0.0024737791061401368,0.002444595146179199,0.0034135040283203126,0.0026507775306701662,0.0027076608657836915,0.002925056076049805,0.002610688018798828,0.0026838016510009766,0.002852864074707031,0.0019172351837158203,0.002575359916687012,0.0026012672424316407,0.0024700927734375,0.0036943870544433595,0.002534297561645508,0.0025738239288330077,0.0038836719512939455,0.003830166244506836,0.002121265602111817,0.002908979225158691,0.002729267120361328,0.002586623954772949,0.0027601919174194338,0.0026663904190063477,0.003973836898803711,0.0028568592071533203,0.002923315238952637,0.0026761215209960935,0.0038029312133789064,0.0031951871871948243,0.0028461055755615236,0.002491801643371582,0.002383359909057617,0.0025004032135009764,0.0023020544052124023,0.0026934783935546876,0.0023196672439575196,0.002450124740600586,0.002510335922241211,0.002110771179199219,0.0020140031814575195,0.0028710912704467775,0.0027559936523437497
Op.HYPERELASTICITY.2D.P5.TITANV,0.003019008,0.007511756896972656,0.007096524810791016,0.004643993759155273,0.00520212631225586,0.005043148803710938,0.007305010986328126,0.007790694427490235,0.007761612701416016,0.0074640380859375,0.005637273597717285,0.005352140808105469,0.005085337638854981,0.006113689422607422,0.006490726470947266,0.006656511688232422,0.007014502716064453,0.0062525440216064454,0.006540697479248047,0.007544831848144531,0.006379212760925293,0.006731059265136719,0.007045324707031251,0.006530303955078125,0.007297331237792969,0.006209737777709961,0.005915647888183594,0.0066049533843994136,0.006774169921875,0.006284390449523926,0.007113613128662109,0.0063517663955688485,0.006574335861206055,0.006853529357910157,0.006469017791748047,0.007160320281982422,0.007660134124755859,0.007412838745117187,0.006641915512084961,0.005193369674682618,0.006703308868408203,0.0056946687698364255,0.005003366470336914,0.006121164703369141,0.005389926528930664,0.0054038528442382815,0.005698252868652344,0.005503180694580078,0.005498880004882812,0.005777612686157227,0.005314559936523438,0.005842632102966309,0.008579580688476564,0.006484428787231445,0.004791193771362305,0.004665500831604004,0.004895027160644531,0.005054771232604981,0.004931686401367188,0.0051897327423095704,0.007959049224853515,0.006889875030517578,0.006508591842651367,0.006566294479370117,0.006531838607788085,0.006863974761962891,0.006941593933105469,0.00714710693359375,0.007653785705566406,0.00698552017211914,0.007466598510742188
Op.HYPERELASTICITY.2D.P6.TITANV,0.005468416,0.010597273254394532,0.011613184356689454,0.010894745635986329,0.011463680267333985,0.012463001251220704,0.011527372741699219,0.010520575714111328,0.010673661041259767,0.011111116790771485,0.012271718597412109,0.013155226135253906,0.012230655670166016,0.012444979095458985,0.011380941009521485,0.010582835388183593,0.010131251525878905,0.010983526611328126,0.011095654296875,0.011170918273925782,0.01158287353515625,0.011864883422851562,0.010162380981445314,0.013026089477539063,0.011529007720947266,0.012358758544921874,0.010345164489746093,0.012671692657470705,0.010828185272216797,0.012629606628417969,0.012167782592773438,0.011932876586914063,0.01189212188720703,0.010628915405273437,0.011122073364257813,0.012742144012451172,0.012324966430664063,0.010862592315673828,0.011814297485351564,0.012001999664306642,0.011078860473632811,0.011968000030517578,0.012254003143310547,0.013605990600585937,0.013497036743164064,0.013148466491699219,0.013477888488769532,0.009784217834472657,0.010118144226074217,0.010778009796142579,0.01038581771850586,0.012871372985839845,0.012116377258300781,0.013399142456054686,0.011474636840820314,0.011955506896972655,0.01198888931274414,0.011312640380859374,0.011539250946044922,0.011288166046142578,0.011329740905761719,0.012224409484863282,0.012451328277587891,0.012580454254150391,0.01278914566040039,0.012527308654785156,0.012529357147216796,0.011139993286132813,0.0111246337890625,0.012491776275634766,0.011973426818847657
Op.HYPERELASTICITY.2D.P7.TITANV,0.0095872,0.020225433349609374,0.020315341186523436,0.020188569641113284,0.020383027648925783,0.02209740753173828,0.022147276306152344,0.019719065856933594,0.01855836181640625,0.019467059326171876,0.019931234741210935,0.018855628967285157,0.024743116760253904,0.025385472106933597,0.023076864624023436,0.023368293762207032,0.021650125122070315,0.02060984344482422,0.019968511962890623,0.020116476440429687,0.020174949645996094,0.01846026306152344,0.017596826171875003,0.020679782104492186,0.020922470092773437,0.01856030731201172,0.019237376403808595,0.02068152313232422,0.022580224609375,0.021411123657226562,0.02057943115234375,0.018645196533203127,0.02068664245605469,0.023018598937988282,0.018711450195312503,0.023131341552734375,0.02060380096435547,0.023231181335449217,0.020778694152832032,0.023606169128417967,0.020092816162109377,0.022625587463378907,0.022119218444824222,0.017860301208496094,0.022292066955566407,0.01888184356689453,0.01930055694580078,0.022570291137695313,0.018823986816406253,0.01794273223876953,0.02127257537841797,0.018875289916992187,0.018908671569824217,0.019346739196777343,0.021985484313964843,0.018988432312011718,0.022179840087890625,0.023071026611328125,0.02245386199951172,0.02257909698486328,0.020892568969726563,0.02125332489013672,0.02053406677246094,0.0201280517578125,0.02140661773681641,0.019385650634765626,0.020165734863281253,0.019779788208007812,0.01854003143310547,0.01940009002685547,0.0187863037109375
Op.HYPERELASTICITY.2D.P8.TITANV,0.015604394666666667,0.037640185546875,0.03608165893554688,0.038055014038085935,0.03690444946289063,0.03605299072265625,0.039840563964843756,0.03426621398925781,0.03621846618652344,0.034849383544921876,0.03861442565917969,0.03674019775390625,0.03706050415039063,0.04155576171875,0.04017643432617187,0.029735220336914062,0.02867558288574219,0.034017691040039065,0.030995147705078125,0.03399782409667969,0.029492532348632815,0.031885003662109376,0.031860427856445314,0.035310693359375,0.03418839111328125,0.035436032104492185,0.03532718200683594,0.03009013366699219,0.03529902038574219,0.03449385070800781,0.03585679321289062,0.041897677612304694,0.033479782104492185,0.035455181884765624,0.034006518554687504,0.03813672790527344,0.03445135498046875,0.03605247802734375,0.040430181884765624,0.035305676269531246,0.026795416259765625,0.028497817993164063,0.030493997192382813,0.040696319580078126,0.02985912170410156,0.034758963012695314,0.030965963745117186,0.03631124572753906,0.037999206542968754,0.031109530639648438,0.03109273681640625,0.03455068054199219,0.03395225524902344,0.031175372314453127,0.031616613769531246,0.036702209472656254,0.036394189453125,0.030715481567382814,0.030171649169921873,0.03485552673339844,0.034508288574218754,0.030699008178710938,0.037354904174804686,0.033395199584960934,0.03510927429199219,0.03748023986816406,0.033661645507812504,0.03377387390136719,0.03909693298339844,0.03585546264648438,0.038493389892578125
Op.MASS.3D.P1.TITANV,7.458970305666159e-06,3.020800054073334e-05,3.532800078392029e-05,4.761599898338318e-05,3.6761599779129034e-05,3.307519853115082e-05,4.986880123615265e-05,3.624959886074066e-05,2.8364801406860353e-05,4.8335999250411986e-05,3.6351999640464784e-05,2.949120104312897e-05,3.696640133857727e-05,5.0483202934265134e-05,2.877439856529236e-05,3.3385598659515386e-05,3.7376001477241516e-05,4.730879962444305e-05,4.9360001087188724e-05,4.7923201322555545e-05,5.007359981536865e-05,5.2223998308181765e-05,5.5705600976943973e-05,5.2633601427078254e-05,5.601759850978851e-05,4.300799965858459e-05,4.485119879245758e-05,4.8844799399375914e-05,4.618239998817444e-05,3.4918400645256046e-05,4.761599898338318e-05,3.604480028152466e-05,3.583999872207642e-05,5.007359981536865e-05,4.8230400681495663e-05,3.594239950180054e-05,5.0483202934265134e-05,3.716799914836884e-05,3.6761599779129034e-05,4.3619200587272646e-05,4.700160026550293e-05,4.546560049057007e-05,4.94592010974884e-05,5.2019202709198004e-05,5.550079941749573e-05,4.8640000820159914e-05,4.915199875831604e-05,4.2905598878860474e-05,4.4854399561882015e-05,4.597760140895844e-05,4.710400104522705e-05,4.956159889698029e-05,4.321280121803284e-05,4.6284800767898556e-05,4.5158401131629944e-05,4.7923201322555545e-05,5.017600059509277e-05,4.925439953804016e-05,5.232639908790589e-05,5.550079941749573e-05,4.9766400456428534e-05,5.591040253639222e-05,4.300799965858459e-05,6.082559823989868e-05,4.5772799849510194e-05,4.536319971084594e-05,4.8742398619651795e-05,5.253120064735413e-05,2.7747198939323427e-05,3.4611201286315914e-05,4.7411200404167176e-05
Op.MASS.3D.P2.TITANV,2.8274940158039816e-05,0.00010352640151977539,0.00011212799549102785,0.00013271039724349975,0.00010741759538650513,0.0001231871962547302,0.00011038719415664673,0.00011724799871444702,0.00011141120195388795,0.00010527039766311645,0.00010567679405212402,0.00010086400508880616,0.00010414079427719117,0.0001070080041885376,0.00011294720172882081,0.00011827199459075929,0.00011100159883499146,0.00011868159770965576,0.00010618879795074463,0.00010926400423049927,0.00011100159883499146,0.00010444799661636353,0.00010270719528198243,0.0001060863971710205,0.0001146880030632019,0.00010762239694595337,0.00011028480529785156,0.00011161600351333618,0.00011489280462265015,0.00011950080394744874,0.000106496000289917,0.00011960320472717286,0.00010383360385894776,0.00012021759748458864,0.00011735039949417115,0.00011970560550689698,0.00011192320585250855,9.933120012283325e-05,0.00011294720172882081,0.0001070080041885376,0.00010711040496826172,0.00011018240451812745,0.00010813440084457397,0.00010547200441360474,0.00010444799661636353,0.00010536960363388062,0.00011130880117416382,0.00010250240564346313,0.00010711040496826172,0.00011919360160827637,0.00010721280574798583,0.00011796480417251587,0.000106496000289917,0.00011161279678344727,0.0001078271985054016,0.00011519999504089356,0.00010721280574798583,0.00010577919483184814,0.00012062720060348511,0.00010977280139923096,0.00011243519783020021,0.00010967040061950683,0.0001099776029586792,0.00010711040496826172,0.00011448320150375366,0.00011694079637527466,0.00010076160430908203,0.00011417920589447022,0.00010721280574798583,0.00011151679754257202,0.00011653120517730712
Op.MASS.3D.P3.TITANV,0.0001048576,0.0002598912000656128,0.00022405118942260744,0.0002585599899291992,0.00025169920921325683,0.0002610176086425781,0.0002333695888519287,0.0002508800029754639,0.00024975359439849854,0.0002594815969467163,0.000270028805732727,0.00024750080108642576,0.00026296319961547856,0.00026019840240478517,0.00026869759559631346,0.0002701280117034912,0.00024524800777435304,0.0002698240041732788,0.0002852895975112915,0.0002347007989883423,0.0002514944076538086,0.00023531520366668702,0.0002527231931686401,0.00023275520801544188,0.00026675200462341307,0.0002581504106521607,0.0002894848108291626,0.00022865920066833496,0.00025395200252532955,0.00026705920696258546,0.00025774080753326417,0.00028272640705108643,0.0002630656003952027,0.00030504961013793947,0.00026828799247741696,0.0002677759885787964,0.0002531327962875366,0.00029081599712371827,0.0002693120002746582,0.00025395200252532955,0.0002920448064804077,0.00023039999008178712,0.0002367487907409668,0.0002288640022277832,0.0002711551904678345,0.00028590080738067627,0.00023009281158447266,0.00024043519496917728,0.00028528640270233154,0.00025743360519409183,0.00026449921131134035,0.0002913280010223389,0.00026910719871520996,0.00026480319499969486,0.00028968958854675293,0.00029327359199523927,0.00027146239280700685,0.0002865151882171631,0.00023664638996124268,0.0002748415946960449,0.0002333695888519287,0.00025026880502700805,0.0002214911937713623,0.0002550784111022949,0.00026675200462341307,0.0002451456069946289,0.00023019518852233887,0.00024401919841766356,0.0002632704019546509,0.0002594815969467163,0.0002826240062713623
Op.MASS.3D.P4.TITANV,0.0003510450086956522,0.0006361087799072266,0.000682800006866455,0.0007311359882354736,0.0007448575973510742,0.0006874624013900757,0.0006661119937896729,0.0007271423816680909,0.0007130112171173095,0.0007088128089904785,0.0006541312217712403,0.0006829055786132812,0.0007507967948913575,0.0007277567863464356,0.0006739967823028564,0.0006524928092956543,0.000668671989440918,0.0006737919807434082,0.0007461887836456299,0.0006786047935485839,0.0007955967903137207,0.0006634496212005616,0.000699187183380127,0.0006969344139099121,0.000713420820236206,0.0009084927558898926,0.0006862335920333863,0.0007688191890716553,0.0008264703750610351,0.0006866943836212158,0.0008044544219970703,0.0006964223861694337,0.00075796480178833,0.0006736927986145019,0.0008135680198669434,0.0007821824073791504,0.0008344575881958008,0.0007477248191833497,0.0008245247840881348,0.0009183232307434082,0.0007179264068603516,0.0007066608190536499,0.0006938623905181885,0.0008525823593139649,0.0006403071880340576,0.0007267327785491944,0.0006677520036697389,0.0006683648109436036,0.0007291903972625733,0.0007535615921020508,0.0007074816226959229,0.0007468031883239747,0.0007006207942962647,0.00065382399559021,0.0006684671878814698,0.0006800400018692017,0.0007280608177185059,0.000659660816192627,0.0007406591892242431,0.0006636544227600098,0.0006774784088134766,0.0007523327827453613,0.0008003583908081054,0.0006787104129791261,0.0006660096168518066,0.000682086420059204,0.0006985727787017823,0.0007105535984039306,0.0008266752243041993,0.0006724575996398926,0.000829644775390625
Op.MASS.3D.P5.TITANV,0.0009446302052173914,0.0018195455551147462,0.0015401984214782716,0.00179880952835083,0.001517568016052246,0.00151976957321167,0.0015720959663391115,0.0018494991302490235,0.002072064018249512,0.0017339391708374025,0.0015498240470886231,0.0017466879844665528,0.0015459327697753906,0.0015654911994934081,0.0018909183502197266,0.0016250879287719726,0.0015780352115631103,0.0015614975929260254,0.0018977792739868166,0.0017316864013671874,0.0019891711235046385,0.0022988800048828126,0.0015756799697875976,0.0020532224655151364,0.0019768320083618164,0.0019898368835449217,0.002163711929321289,0.002049945640563965,0.0015672816276550293,0.0019916799545288085,0.0017286656379699708,0.0023079423904418944,0.0020155391693115234,0.0019992576599121097,0.0015699968338012695,0.0021341184616088865,0.0018890752792358398,0.0016425983428955079,0.0015981599807739259,0.001723289680480957,0.001584281587600708,0.0016275983810424806,0.0017499648094177248,0.0014920703887939452,0.0015733759880065918,0.0015798272132873535,0.001619046401977539,0.0018342912673950196,0.0018999296188354493,0.001548697566986084,0.0020154367446899414,0.0014956512451171876,0.001495142364501953,0.0015172608375549318,0.001680793571472168,0.0015410176277160647,0.0015046655654907227,0.0018427904129028321,0.0016965631484985352,0.0015410176277160647,0.001602252769470215,0.0018531344413757326,0.0015270912170410155,0.002464153671264648,0.0020354047775268556,0.0019749887466430664,0.0015533056259155274,0.001721958351135254,0.0023517183303833006,0.002165657615661621,0.0025444351196289064
Op.LAPLACE.3D.P2.TITANV,2.8274940158039823e-05,9.820160269737244e-05,9.646080136299133e-05,9.635840058326721e-05,0.00010291199684143067,0.00010885119438171387,0.00010240000486373902,9.502720236778259e-05,9.943040013313294e-05,0.00010055999755859375,0.00011663200259208679,0.00010291199684143067,9.635840058326721e-05,0.0001018847942352295,0.0001154047966003418,0.00011161600351333618,0.00010506240129470826,0.00010229439735412598,0.00011038719415664673,0.00011294720172882081,0.00010178560018539429,0.00011755839586257936,0.00010158079862594604,0.0001200160026550293,0.0001006592035293579,0.00010321600437164307,0.0001099776029586792,0.00012124160528182984,9.676799774169923e-05,9.850879907608031e-05,9.728000164031983e-05,9.97376024723053e-05,0.0001031167984008789,0.00010885119438171387,0.00010291199684143067,0.0001006592035293579,9.46175992488861e-05,0.00011274240016937257,0.00011448320150375366,0.0001094655990600586,0.00010209280252456666,0.00010209280252456666,9.707520008087159e-05,0.00010434559583663942,0.0001265663981437683,0.00010783040523529053,0.00011765760183334351,0.0001026047945022583,0.00011304960250854494,0.0001210368037223816,0.00010751999616622924,0.00010106879472732544,0.00010158079862594604,0.00010076160430908203,0.0001026047945022583,9.728320240974426e-05,0.00010639359951019287,9.656320214271545e-05,0.00010127359628677368,0.000107315194606781,0.00010824639797210694,0.00010373120307922364,0.00010465279817581178,0.0001047551989555359,9.574560225009918e-05,0.00010045440196990967,0.00010516480207443238,0.00010547200441360474,0.000107315194606781,9.400320053100586e-05,9.758719801902772e-05
Op.LAPLACE.3D.P3.TITANV,0.00015044786086956523,0.00022097918987274172,0.00023019518852233887,0.0002037760019302368,0.00025056960582733157,0.00022865920066833496,0.00022783999443054198,0.00024166400432586673,0.0002451456069946289,0.00022087678909301758,0.00026152958869934083,0.00023521280288696288,0.0002233344078063965,0.0002362368106842041,0.00023316481113433839,0.00022414720058441164,0.00022312960624694826,0.0002401279926300049,0.00032389121055603027,0.00026449921131134035,0.00029214720726013183,0.0002512896060943604,0.00023439359664916993,0.00025026559829711915,0.0002608128070831299,0.00024985599517822265,0.0002267136096954346,0.00022712318897247314,0.00026879999637603757,0.0002699264049530029,0.00024821760654449466,0.00023060479164123534,0.0002470911979675293,0.00026112000942230223,0.00024217600822448731,0.00025886719226837155,0.0002916352033615112,0.000291430401802063,0.000214630389213562,0.00020776960849761965,0.00022958080768585205,0.00026163198947906494,0.0002233344078063965,0.00023296000957489014,0.0002229248046875,0.00025953119993209835,0.00024330239295959472,0.00022364161014556887,0.00022875840663909915,0.00023654398918151857,0.00025712640285491944,0.00023357439041137696,0.0002371583938598633,0.00029276158809661866,0.0002655231952667236,0.0002508800029754639,0.00023367679119110107,0.00025395200252532955,0.00032122879028320314,0.00023879680633544922,0.00022220799922943117,0.00026746881008148196,0.00022558720111846926,0.00025169920921325683,0.0002627583980560303,0.00022609920501708987,0.0002736128091812134,0.0002617343902587891,0.0002281440019607544,0.0002861056089401245,0.00026449921131134035
Op.LAPLACE.3D.P4.TITANV,0.0005505024,0.0005896687984466554,0.0006077439785003662,0.0006225920200347901,0.0006319104194641113,0.0006054912090301515,0.0005861375808715821,0.0006341631889343263,0.000591974401473999,0.000650600004196167,0.000624947214126587,0.0007164943933486939,0.0007046144008636475,0.000647270393371582,0.0006462463855743407,0.0007176191806793213,0.0007565311908721924,0.0007036928176879883,0.0006003712177276611,0.000601907205581665,0.0006294528007507324,0.0006292479991912842,0.0006116352081298828,0.0005896192073822022,0.0006345727920532227,0.0005948416233062745,0.0006303743839263916,0.000654643201828003,0.0007217152118682861,0.000648089599609375,0.0007087103843688965,0.0006521855831146241,0.0007638016223907472,0.0007176175832748413,0.0007028736114501954,0.000709939193725586,0.0006917119979858398,0.0006689792156219483,0.0006604800224304199,0.0006603775978088379,0.0006636544227600098,0.0006654975891113282,0.0006434783935546875,0.0006591487884521484,0.0007443456172943115,0.0006779903888702392,0.0006669312000274659,0.0007664639949798584,0.0007541759967803955,0.0008183808326721191,0.0006277120113372803,0.0006418944120407104,0.0006577151775360108,0.0006513663768768311,0.0006100992202758789,0.0006619135856628418,0.0006303743839263916,0.000622492790222168,0.0006691312074661256,0.0006970367908477784,0.0007683072090148926,0.0006814720153808594,0.00068853759765625,0.0007450623989105226,0.0007478271961212159,0.0006382592201232911,0.0006509568214416503,0.0006720511913299561,0.000669491195678711,0.0006181888103485107,0.0006379519939422607
Op.LAPLACE.3D.P5.TITANV,0.0016850160417391305,0.0017871305488437227,0.0017699840545654297,0.0018079744338989259,0.0017908735275268554,0.0017967103958129883,0.001756060791015625,0.0018473983764648438,0.002041958427429199,0.0017829887390136718,0.0018536447525024414,0.002067660713195801,0.0017845247268676759,0.0018230272293090822,0.002100275230407715,0.0017934335708618165,0.0018315263748168947,0.001905971145629883,0.0019083295822143556,0.0018845695495605468,0.0019304959297180176,0.0018290687561035158,0.0020772863388061526,0.001986252784729004,0.001979903984069824,0.002012211132049561,0.0018831855773925783,0.002072780799865723,0.0020387328147888186,0.0019697664260864257,0.001962291145324707,0.0020996095657348636,0.0019288575172424316,0.0019932159423828124,0.00196495361328125,0.0019733535766601564,0.0019403776168823242,0.0018062617681753011,0.0018262016296386719,0.0017630207061767578,0.001807206439971924,0.002067660713195801,0.0018163711547851563,0.0017825792312622071,0.0022178815841674806,0.0018319360733032226,0.002093619251251221,0.0022841328620910647,0.0023123456001281737,0.00232857608795166,0.002241228866577148,0.0024743936538696287,0.001903001594543457,0.0018763776779174807,0.001924147129058838,0.0020157952308654786,0.0019730432510375977,0.0021774335861206055,0.0018207744598388671,0.001969868850708008,0.0019950592041015625,0.0020659200668334964,0.0018768383979797364,0.0020518911361694335,0.001959116744995117,0.001959167957305908,0.0019205120086669923,0.0020869119644165036,0.001978879928588867,0.0019590143203735352,0.001967718315124512
Op.HELMHOLTZ.3D.P2.TITANV,0.00010029857391304348,0.00014673919677734377,0.00014479360580444336,0.00014960639476776122,0.00015237120389938357,0.00015134719610214234,0.0001696768045425415,0.00015513600111007693,0.00015431679487228395,0.00017223680019378662,0.00015370240211486815,0.0001545215964317322,0.00017674239873886107,0.00017489919662475587,0.0001610751986503601,0.00016404479742050172,0.00016076799631118774,0.0001645568013191223,0.00015615999698638915,0.00016240639686584474,0.00017531199455261232,0.00018421759605407714,0.00018637440204620362,0.0001827839970588684,0.00018135039806365966,0.0001901568055152893,0.00016640000343322753,0.00018800319433212283,0.00018247679471969605,0.00014612799882888795,0.0001458176016807556,0.00015237120389938357,0.0001525760054588318,0.00015134719610214234,0.00017142239809036255,0.00014684159755706789,0.00017838079929351807,0.00015124479532241822,0.00017336319684982298,0.0001550336003303528,0.0001525760054588318,0.00015595519542694093,0.00016158720254898072,0.00016066559553146363,0.00017592320442199707,0.0001644544005393982,0.00015872000455856321,0.00017582080364227296,0.0001807360053062439,0.00016128000020980835,0.00018380800485610964,0.00018227519989013672,0.0001845247983932495,0.0001891327977180481,0.00016496959924697878,0.00018309119939804078,0.00018309119939804078,0.00017408000230789185,0.00017612799406051635,0.00019456000328063966,0.0001815551996231079,0.00017489919662475587,0.00018012160062789916,0.00018329600095748903,0.00019578880071640016,0.00014714879989624025,0.00012984319925308228,0.00015605759620666504,0.000158515202999115,0.0001597440004348755,0.0001605631947517395
Op.HELMHOLTZ.3D.P3.TITANV,0.0004194304,0.0005116928100585938,0.0004700160026550293,0.0004444192023742461,0.0004749311923980713,0.0004885503768920898,0.0005325823783874511,0.0004963327884674073,0.0005204991817474364,0.0005192671775817871,0.0005324288129806519,0.0005579775810241699,0.0005817344188690186,0.0004690960168838501,0.0005072896003723144,0.0004814847946166993,0.0004493015633952539,0.0005383168220520019,0.0004936704158782959,0.0005263360023498536,0.0005007391929626464,0.0005224448204040527,0.0005406720161437988,0.0005649407863616943,0.000589414405822754,0.0004769792079925537,0.00045608959197998046,0.00043417601585388183,0.0005292031764984131,0.0006021120071411132,0.0004957183837890625,0.000520908784866333,0.0005054463863372802,0.0005532671928405762,0.0006375423908233643,0.0005917695999145508,0.0005404672145843506,0.0005692416191101074,0.0006447103977203369,0.0004832255840301514,0.00046376957893371585,0.0004404223918914795,0.0005356544017791748,0.0004994048118591309,0.0006130688190460205,0.0005270527839660645,0.0005090303897857666,0.0006466559886932373,0.000559718418121338,0.0005469183921813965,0.0006021152019500733,0.000653004789352417,0.0005760000228881837,0.000608460807800293,0.0006074368000030518,0.0005958655834197998,0.0006865920066833496,0.0006176767826080323,0.0005465055942535401,0.0005723135948181153,0.0005790719985961914,0.0005861375808715821,0.0005660672187805176,0.0006136832237243653,0.0006022143840789796,0.0006119423866271972,0.0006217231988906861,0.0006182384014129639,0.0006688767910003662,0.0006949888229370117,0.000481279993057251
Op.HELMHOLTZ.3D.P4.TITANV,0.001404180034782609,0.0018312192916870118,0.0015789055824279785,0.0017037311553955079,0.0017379327774047853,0.0015007298498138414,0.0017589248657226561,0.0014694055142409602,0.001511355865572574,0.0014860188277965646,0.001823539161682129,0.001520727670081222,0.0014729587137741773,0.0015252479553222655,0.0015441408157348634,0.001786827278137207,0.0019628032684326172,0.001828761672973633,0.0014683135986328125,0.0017054719924926758,0.001475779030118759,0.0015105616766271513,0.001470254185256708,0.0015224059367683884,0.001465344047546387,0.001864703941345215,0.0015689727783203126,0.0015866368293762207,0.0015042991419046466,0.0018403295516967774,0.0019956735610961915,0.0018827264785766602,0.0014865407943725586,0.0015464960098266602,0.0016622592926025391,0.001529036808013916,0.001592627239227295,0.0015163748204320838,0.0014969719764265036,0.0015490048408508302,0.001475206862658096,0.0015111291609482284,0.0014879727840423585,0.001522838297392355,0.0014999005795888341,0.0015132220242828856,0.0016309760093688966,0.00172477445602417,0.001461350440979004,0.0014872575759887696,0.0015742976188659668,0.0015890432357788086,0.001624064064025879,0.0015202839335820362,0.0014887195097566508,0.001578598403930664,0.001506715254340626,0.0014829549030637443,0.0015110112190246583,0.0015131566413251214,0.0014662240006777158,0.0015024324994313625,0.0016467967987060547,0.001482649612426758,0.0017415152549743653,0.001492684841156006,0.001599283218383789,0.0016151552200317383,0.00164270076751709,0.0015542271614074708,0.0016636928558349609
Op.HELMHOLTZ.3D.P5.TITANV,0.0037785208208695655,0.004166603088378906,0.004088335669881221,0.003997739564097081,0.004273459243774414,0.004115046310424805,0.003947942088652049,0.0040299275006645905,0.003943420387278973,0.004019720822196949,0.004063027191162109,0.004032533557496827,0.004124671936035156,0.003999244998934552,0.004037427139282227,0.003936763517543216,0.003944350189465491,0.004026548967011966,0.004124774551391601,0.003976096416320276,0.004276070404052735,0.004111667251586914,0.003954380798339843,0.004195891189575196,0.0040201439002873944,0.004169830322265625,0.004054832077026367,0.004214169692993164,0.004059135818481446,0.004075212860107423,0.0040146953671487675,0.004012748718261719,0.0039714063563140705,0.004043673706054688,0.004062924957275391,0.004034354428674577,0.003979990558295515,0.004102963256835937,0.003983908367800607,0.003947132915374514,0.004324966430664063,0.004086666486136809,0.004050636672973633,0.003980907764425499,0.0040407039642333985,0.0039478976426180305,0.00409989128112793,0.003941226277701422,0.004104463436118625,0.004106137466430664,0.003958449765606025,0.003939045588175067,0.0042765823364257815,0.003942989180022843,0.0040268798828125,0.0039315935134887695,0.0039319040298461914,0.0041737728118896485,0.00414074878692627,0.004080693918337154,0.004037017440795898,0.00401869125366211,0.004114329528808594,0.00394045314159582,0.0040205310821533205,0.004084121704101562,0.003954092730866311,0.003965306782841365,0.00402312900791389,0.004066008274251037,0.004011827087402343
Op.ELASTICITY.3D.P2.TITANV,6.7808e-05,0.00025559039115905766,0.00027545599937438964,0.0002778111934661865,0.0002698240041732788,0.0003035135984420777,0.00029757440090179445,0.00027586560249328614,0.0002840575933456421,0.00029235200881958006,0.00029808640480041506,0.00029245440959930417,0.0002725888013839722,0.00028538880348205565,0.00030484480857849124,0.00030852799415588376,0.0002835455894470215,0.00029777920246124267,0.0003115008115768433,0.0002532351970672607,0.0002724864006042481,0.00029808640480041506,0.0002752511978149414,0.0002945024013519287,0.0002675712108612061,0.00027330560684204103,0.000281497597694397,0.00028825600147247316,0.00028999359607696535,0.00029521920680999756,0.0002720767974853516,0.00030453760623931885,0.0002815999984741211,0.0003108864068984986,0.00028067839145660403,0.00030668799877166746,0.00029531838893890385,0.000294704008102417,0.0003457024097442627,0.0003220479965209961,0.0003320832014083862,0.00033771519660949706,0.0003552256107330322,0.0003390464067459106,0.0002775039911270142,0.0002969599962234497,0.0003387392044067383,0.0002744287967681885,0.0003000319957733154,0.00029081599712371827,0.00030433280467987063,0.0003106816053390503,0.0003205120086669922,0.00027924480438232426,0.0003378175973892212,0.00029757440090179445,0.0002919424057006836,0.00027545599937438964,0.0003008512020111084,0.0003007488012313843,0.00031201279163360596,0.00030894079208374024,0.00028692159652709957,0.0003480576038360596,0.00033761279582977295,0.0003226624011993408,0.0003295232057571411,0.000320307207107544,0.0002895904064178467,0.00034232320785522463,0.00031744000911712643
Op.ELASTICITY.3D.P3.TITANV,0.000309664,0.0007715839862823486,0.0007824384212493896,0.000801689624786377,0.0008073232173919678,0.0007699456214904785,0.0007599103927612306,0.0007455743789672852,0.000781824016571045,0.000820019245147705,0.0008286208152770997,0.0008731136322021485,0.0007426047801971437,0.0007521279811859131,0.0008134623527526855,0.0008086527824401855,0.0007650303840637207,0.0007746560096740723,0.0007523327827453613,0.0007897119998931886,0.0008196096420288086,0.0008385536193847656,0.0009383935928344726,0.0007649280071258545,0.0007656447887420655,0.0008515088081359863,0.000812441635131836,0.0008677855968475342,0.0008121343612670899,0.0008241151809692383,0.0009040896415710449,0.0008664064407348633,0.0008813568115234374,0.0006824960231781006,0.0007704576015472412,0.0007770607948303223,0.0008505344390869141,0.000819814395904541,0.0008736767768859863,0.0008209407806396484,0.0009078783988952637,0.0008832528114318847,0.0008294400215148926,0.000878385591506958,0.0007074816226959229,0.0007392255783081054,0.000748851203918457,0.0008057855606079102,0.0007957999944686891,0.0008062975883483888,0.0007880703926086425,0.0007973887920379639,0.0008324095726013183,0.0008311807632446289,0.0008692735671997071,0.0008903679847717286,0.0008754176139831543,0.0007565311908721924,0.0007590911865234376,0.0007284208059310913,0.0007687168121337891,0.0007803904056549073,0.0008075263977050782,0.0008773151874542236,0.0008237055778503418,0.0008434687614440918,0.0008097295761108398,0.0008083456039428711,0.0009017344474792481,0.000860979175567627,0.0009051136016845704
Op.ELASTICITY.3D.P4.TITANV,0.00104272,0.002381873607635498,0.002131404781341553,0.002186190414428711,0.0021517311096191406,0.002152960014343262,0.0020347904205322265,0.00212741117477417,0.002409984016418457,0.002298419189453125,0.002499686431884766,0.002391398334503174,0.002431334400177002,0.0023389184951782224,0.0023300096511840824,0.0023630815505981447,0.0022837247848510743,0.002358579254150391,0.0026135551452636722,0.0022060031890869143,0.0024230911254882813,0.0019803136825561523,0.0018397151947021485,0.0019366912841796875,0.001959167957305908,0.0020782079696655274,0.002165862464904785,0.001925529670715332,0.001943040084838867,0.0018959360122680665,0.001993728065490723,0.002149171257019043,0.0021874176025390626,0.0022992896080017092,0.0019149824142456057,0.002229759979248047,0.0023465984344482422,0.001924198341369629,0.0020717567443847658,0.002027776050567627,0.0018813951492309571,0.0018780160903930664,0.0020700159072875976,0.002211737632751465,0.0024318975448608397,0.0023840768814086914,0.002516017532348633,0.0024563711166381836,0.0023543775558471677,0.0023037952423095704,0.0023223295211791993,0.002332467269897461,0.0021967359542846682,0.002293145561218262,0.0025020416259765622,0.002060953617095947,0.002230169677734375,0.0022410240173339844,0.0021546016693115237,0.002190336036682129,0.0021753344535827635,0.002286182403564453,0.0024179744720458983,0.002493235206604004,0.0025909248352050784,0.0025420799255371092,0.0024290304183959962,0.002642996788024902,0.0026058752059936524,0.0028654592514038087,0.002653951930999756
Op.ELASTICITY.3D.P5.TITANV,0.003057376,0.0067089408874511725,0.007629004669189454,0.0069310462951660155,0.007451853179931641,0.008111615753173828,0.008246476745605469,0.007931597137451172,0.007646617889404297,0.007976345825195312,0.008871218872070312,0.009482137298583984,0.00790312957763672,0.007599922943115235,0.008250163269042968,0.007721984100341797,0.007164518737792969,0.008008396911621094,0.009103462219238282,0.008017919921875,0.008174489593505859,0.008854835510253907,0.008789810943603517,0.008383487701416016,0.009012223815917968,0.00791920623779297,0.007660851287841797,0.007980850982666016,0.008670822143554687,0.009224908447265624,0.008061436462402344,0.008812544250488281,0.008108953857421875,0.007890022277832032,0.007417958068847656,0.008363520050048829,0.007678975677490234,0.008326242828369142,0.008018431854248047,0.008733593750000001,0.008259379577636719,0.008270540618896484,0.007817830657958984,0.007993651580810546,0.008036454772949219,0.007351808166503906,0.0064340480804443365,0.007413452911376953,0.0075191299438476565,0.007068262481689454,0.006778880310058594,0.008210431671142578,0.007669452667236328,0.007693312072753907,0.008908595275878907,0.008216063690185547,0.006314700698852539,0.007554048156738281,0.008042393493652345,0.005963673782348633,0.006253363227844239,0.006123110580444336,0.006776115417480469,0.006564608001708985,0.006206972885131836,0.00927795181274414,0.007815270233154297,0.00682977294921875,0.008495104217529298,0.006478336334228516,0.00757360610961914
Op.HYPERELASTICITY.3D.P2.TITANV,0.00034496,0.0007738368034362793,0.0008731648445129395,0.0008602623939514161,0.0009234432220458985,0.0009026559829711915,0.0009396191596984864,0.0009562111854553222,0.0007750656127929687,0.0008819711685180664,0.0008729599952697754,0.0009164799690246582,0.0009364480018615723,0.0009517056465148926,0.0009695232391357423,0.0007943168163299561,0.000934502410888672,0.0009101823806762695,0.000997372817993164,0.000991641616821289,0.0010088959693908693,0.0010224639892578125,0.001052470397949219,0.000811622428894043,0.0009483776092529297,0.0009232383728027344,0.0010177536010742188,0.001015193557739258,0.0010177536010742188,0.0010313728332519531,0.001063321590423584,0.0007929855823516846,0.0008521727561950684,0.0008767487525939941,0.0009371647834777832,0.0009879551887512206,0.0009953280448913575,0.0010117119789123535,0.00101212158203125,0.0012192768096923828,0.0012405759811401366,0.0011416576385498047,0.0011229184150695801,0.0011787263870239257,0.0012212224006652832,0.001246617603302002,0.0012700672149658203,0.0008922112464904786,0.0009875455856323241,0.0011247615814208984,0.0011042816162109375,0.0011995136260986327,0.001209344005584717,0.001224396800994873,0.001249894428253174,0.0008607744216918945,0.0012216320037841796,0.001297920036315918,0.0008672256469726562,0.0009222144126892091,0.0009548800468444825,0.0010100224018096925,0.0010707967758178713,0.001078169631958008,0.0010994688034057618,0.0011000831604003906,0.000963379192352295,0.0010619903564453126,0.0009100272178649903,0.0009612288475036621,0.001023795223236084
Op.HYPERELASTICITY.3D.P3.TITANV,0.00213488,0.004333363342285156,0.0045446144104003905,0.004195584106445313,0.004373606491088867,0.004656691169738769,0.004409446334838867,0.00443617286682129,0.004731904029846192,0.004590131187438964,0.0048717823028564455,0.004577433586120606,0.004495052719116211,0.003963084793090821,0.004047459030151367,0.004429616165161133,0.004404121780395508,0.004515430450439453,0.00458342399597168,0.004593408012390136,0.004788428878784179,0.0048988159179687496,0.003945267105102539,0.003826483154296875,0.003716403198242188,0.00422906723022461,0.004345856094360352,0.004392243194580078,0.004069375991821289,0.004202803039550782,0.004487168121337891,0.004709273529052735,0.00452147216796875,0.004653055953979492,0.004638308906555175,0.003948492813110351,0.00406671371459961,0.004501299285888672,0.004614348793029785,0.004269670295715332,0.004697702407836914,0.004483123207092285,0.004903833770751953,0.004840959930419922,0.004548761558532715,0.004914176177978516,0.0040933376312255855,0.004063232040405273,0.004219134330749512,0.004714752006530761,0.004487270355224609,0.004733798408508301,0.004846796798706055,0.004616191864013672,0.0051358207702636716,0.004969830322265625,0.00490618896484375,0.004542563247680664,0.0047960063934326174,0.004633599853515625,0.004677324676513672,0.005014732742309571,0.004934143829345703,0.004820991897583008,0.00502999038696289,0.005454950332641602,0.005123993682861328,0.0052310016632080075,0.005264281463623047,0.005178881645202637,0.0051870208740234375
Op.HYPERELASTICITY.3D.P4.TITANV,0.009078560000000001,0.01948753967285156,0.01991137237548828,0.019451084899902344,0.018533171081542968,0.01936865234375,0.017997824096679688,0.019680767822265625,0.020269874572753907,0.01996697540283203,0.02138849334716797,0.021841818237304685,0.0199267333984375,0.01943285827636719,0.018401382446289062,0.018733261108398437,0.018967347717285157,0.019751219177246093,0.020106649780273437,0.020170751953125,0.020953497314453125,0.021701324462890626,0.02153277435302734,0.020645068359375,0.020941413879394532,0.020899635314941406,0.021523455810546873,0.021617152404785157,0.018757221984863282,0.018862591552734377,0.01960089569091797,0.019159242248535158,0.01985802307128906,0.019677389526367186,0.021673472595214842,0.02057349090576172,0.020553318786621096,0.02043873291015625,0.01923327941894531,0.01997875213623047,0.021102490234375,0.020798976135253906,0.02197831726074219,0.018987930297851563,0.019239117431640626,0.019129139709472658,0.02073559112548828,0.02057164764404297,0.019487026977539065,0.02010204162597656,0.020924826049804685,0.021049037170410154,0.02112419891357422,0.021425660705566407,0.0218714111328125,0.01989345245361328,0.019902668762207032,0.018382234191894532,0.01862615051269531,0.019142041015625,0.018911744689941407,0.019876454162597656,0.021174374389648438,0.019521536254882812,0.0205591552734375,0.022050714111328126,0.02303825988769531,0.018293554687499998,0.018004684448242186,0.020451939392089846,0.020894924926757815
Op.HYPERELASTICITY.3D.P5.TITANV,0.080693312,0.15089725341796875,0.15256268310546875,0.16906884765625,0.1791599609375,0.16941802978515624,0.15876884765625,0.1576290283203125,0.15936911621093752,0.16183603515625,0.15954339599609374,0.1640384521484375,0.16437064208984375,0.1576816650390625,0.234517822265625,0.257856005859375,0.26161335449218753,0.25945078125,0.2599995361328125,0.25245234375000003,0.256711669921875,0.15696977539062498,0.14904975585937502,0.15720693359375,0.30405446777343753,0.2679698486328125,0.16325252685546876,0.27549326171875,0.2785354736328125,0.2847345703125,0.243871630859375,0.1627756591796875,0.15691715087890626,0.15641497802734375,0.1597887451171875,0.15827281494140624,0.16200970458984376,0.16169727783203128,0.1634778076171875,0.2008712158203125,0.177328125,0.1781465087890625,0.17913999023437502,0.2626589599609375,0.2689916015625,0.2429286376953125,0.2520828857421875,0.2576374755859375,0.26124450683593753,0.2555653076171875,0.2793268310546875,0.2662633544921875,0.2459409423828125,0.2583697509765625,0.28243015136718747,0.273352294921875,0.2758516845703125,0.25819853515625,0.2626902099609375,0.290328173828125,0.2527576171875,0.26658242187500003,0.2609162353515625,0.2663562255859375,0.28335512695312504,0.25914338378906254,0.26625126953125,0.18229350585937498,0.19810570068359373,0.1769554931640625,0.16824012451171877
